circuit,algorithm,input_tcount,output_tcount,total_exec_ms,overall_exec_s,pairs_tested,sketch_filtered,filtered_miss,nullspace_runs,rebuild_count,local_add_count,aa_ms,sketch_ms,chi_update_ms,basis_work_ms,nullspace_ms,sketch_rej_rate_pct,avg_sketch_rows,avg_sketch_basis,avg_affected_rows,avg_active_rows,fail_count,outfile
barenco_tof_3,lx2_dynamic_repair_chi_packed_aa,28,14,3,0.004442,116,,115,1,70,46,0.01,,2.678,2.678,0.043,,,,207.843,347.793,0,/home/ryo-mtmt/TOpt/forme/sketch_experiments/aa_sketch_multi_20260603_135857/barenco_tof_3_lx2_dynamic_repair_chi_packed_aa.out
barenco_tof_3,lx2_dynamic_repair_chi_packed_aa_sketch_5,28,14,3,0.004504,116,45,70,1,46,25,0.01,0.972,1.738,1.738,0.039,38.7931,19.4828,7.75862,230.571,330.817,0,/home/ryo-mtmt/TOpt/forme/sketch_experiments/aa_sketch_multi_20260603_135857/barenco_tof_3_lx2_dynamic_repair_chi_packed_aa_sketch_5.out
barenco_tof_3,lx2_dynamic_repair_chi_packed_aa_sketch_8,28,14,2,0.004067,116,65,50,1,33,18,0.009,1.116,1.212,1.212,0.038,56.0345,28.3879,8.76724,221.96,299.412,0,/home/ryo-mtmt/TOpt/forme/sketch_experiments/aa_sketch_multi_20260603_135857/barenco_tof_3_lx2_dynamic_repair_chi_packed_aa_sketch_8.out
barenco_tof_3,lx2_dynamic_repair_chi_packed_aa_sketch_10,28,14,2,0.003969,116,76,39,1,26,14,0.009,1.286,0.878,0.878,0.041,65.5172,35.1034,9.26724,214.923,287.575,0,/home/ryo-mtmt/TOpt/forme/sketch_experiments/aa_sketch_multi_20260603_135857/barenco_tof_3_lx2_dynamic_repair_chi_packed_aa_sketch_10.out
barenco_tof_3,lx2_dynamic_repair_chi_packed_aa_sketch_13,28,14,2,0.003752,116,91,24,1,18,7,0.009,1.37,0.634,0.634,0.039,78.4483,45.7241,9.91379,228.417,280,0,/home/ryo-mtmt/TOpt/forme/sketch_experiments/aa_sketch_multi_20260603_135857/barenco_tof_3_lx2_dynamic_repair_chi_packed_aa_sketch_13.out
barenco_tof_3,lx2_dynamic_repair_chi_packed_aa_sketch_15,28,14,2,0.003809,116,92,23,1,17,7,0.009,1.478,0.599,0.599,0.04,79.3103,52.8103,10.0862,225.478,275.542,0,/home/ryo-mtmt/TOpt/forme/sketch_experiments/aa_sketch_multi_20260603_135857/barenco_tof_3_lx2_dynamic_repair_chi_packed_aa_sketch_15.out
barenco_tof_4,lx2_dynamic_repair_chi_packed_aa,56,24,41,0.053306,356,,354,2,263,93,0.023,,39.914,39.914,0.237,,,,1008.37,1561.85,0,/home/ryo-mtmt/TOpt/forme/sketch_experiments/aa_sketch_multi_20260603_135857/barenco_tof_4_lx2_dynamic_repair_chi_packed_aa.out
barenco_tof_4,lx2_dynamic_repair_chi_packed_aa_sketch_5,56,24,34,0.046974,356,149,205,2,164,43,0.024,9.361,24.166,24.166,0.245,41.8539,78.5871,16.4326,1161.11,1471.75,0,/home/ryo-mtmt/TOpt/forme/sketch_experiments/aa_sketch_multi_20260603_135857/barenco_tof_4_lx2_dynamic_repair_chi_packed_aa_sketch_5.out
barenco_tof_4,lx2_dynamic_repair_chi_packed_aa_sketch_8,56,24,26,0.03841,356,234,120,2,99,23,0.022,11.68,13.408,13.408,0.243,65.7303,125.565,18.4382,1202.09,1318.52,0,/home/ryo-mtmt/TOpt/forme/sketch_experiments/aa_sketch_multi_20260603_135857/barenco_tof_4_lx2_dynamic_repair_chi_packed_aa_sketch_8.out
barenco_tof_4,lx2_dynamic_repair_chi_packed_aa_sketch_10,56,24,23,0.03574,356,266,88,2,74,16,0.024,13.095,9.441,9.441,0.24,74.7191,156.719,19.1826,1199.45,1232.6,0,/home/ryo-mtmt/TOpt/forme/sketch_experiments/aa_sketch_multi_20260603_135857/barenco_tof_4_lx2_dynamic_repair_chi_packed_aa_sketch_10.out
barenco_tof_4,lx2_dynamic_repair_chi_packed_aa_sketch_13,56,24,23,0.035156,356,293,61,2,54,9,0.022,15.233,6.693,6.693,0.241,82.3034,203.64,19.9831,1195.5,1213.54,0,/home/ryo-mtmt/TOpt/forme/sketch_experiments/aa_sketch_multi_20260603_135857/barenco_tof_4_lx2_dynamic_repair_chi_packed_aa_sketch_13.out
barenco_tof_4,lx2_dynamic_repair_chi_packed_aa_sketch_15,56,24,22,0.034444,356,312,42,2,40,4,0.023,16.65,4.61,4.61,0.244,87.6404,234.857,20.2865,1266.74,1062.07,0,/home/ryo-mtmt/TOpt/forme/sketch_experiments/aa_sketch_multi_20260603_135857/barenco_tof_4_lx2_dynamic_repair_chi_packed_aa_sketch_15.out
barenco_tof_5,lx2_dynamic_repair_chi_packed_aa,84,34,203,0.274971,715,,712,3,564,151,0.047,,198.339,198.339,0.807,,,,2494.1,4065.42,0,/home/ryo-mtmt/TOpt/forme/sketch_experiments/aa_sketch_multi_20260603_135857/barenco_tof_5_lx2_dynamic_repair_chi_packed_aa.out
barenco_tof_5,lx2_dynamic_repair_chi_packed_aa_sketch_5,84,34,152,0.223538,715,331,381,3,312,72,0.048,45.414,102.248,102.248,0.804,46.2937,203.917,25.607,2857.14,3613.07,0,/home/ryo-mtmt/TOpt/forme/sketch_experiments/aa_sketch_multi_20260603_135857/barenco_tof_5_lx2_dynamic_repair_chi_packed_aa_sketch_5.out
barenco_tof_5,lx2_dynamic_repair_chi_packed_aa_sketch_8,84,34,107,0.179227,715,505,207,3,165,45,0.046,57.081,46.852,46.852,0.797,70.6294,325.708,28.0587,2827.64,2851.5,0,/home/ryo-mtmt/TOpt/forme/sketch_experiments/aa_sketch_multi_20260603_135857/barenco_tof_5_lx2_dynamic_repair_chi_packed_aa_sketch_8.out
barenco_tof_5,lx2_dynamic_repair_chi_packed_aa_sketch_10,84,34,103,0.175311,715,549,163,3,128,38,0.048,64.566,35.492,35.492,0.801,76.7832,407.066,28.958,2803.7,2690.52,0,/home/ryo-mtmt/TOpt/forme/sketch_experiments/aa_sketch_multi_20260603_135857/barenco_tof_5_lx2_dynamic_repair_chi_packed_aa_sketch_10.out
barenco_tof_5,lx2_dynamic_repair_chi_packed_aa_sketch_13,84,34,100,0.171769,715,610,102,3,84,21,0.049,75.102,21.646,21.646,0.795,85.3147,529.032,29.8713,2726.23,2429.62,0,/home/ryo-mtmt/TOpt/forme/sketch_experiments/aa_sketch_multi_20260603_135857/barenco_tof_5_lx2_dynamic_repair_chi_packed_aa_sketch_13.out
barenco_tof_5,lx2_dynamic_repair_chi_packed_aa_sketch_15,84,34,99,0.171249,715,642,70,3,58,15,0.048,82.003,14.223,14.223,0.788,89.7902,610.396,30.2979,2598,2175.27,0,/home/ryo-mtmt/TOpt/forme/sketch_experiments/aa_sketch_multi_20260603_135857/barenco_tof_5_lx2_dynamic_repair_chi_packed_aa_sketch_15.out
barenco_tof_10,lx2_dynamic_repair_chi_packed_aa,224,84,10961,23.6427,4756,,4748,8,4001,755,0.436,,10775.5,10775.5,18.842,,,,22072.6,39261.3,0,/home/ryo-mtmt/TOpt/forme/sketch_experiments/aa_sketch_multi_20260603_135857/barenco_tof_10_lx2_dynamic_repair_chi_packed_aa.out
barenco_tof_10,lx2_dynamic_repair_chi_packed_aa_sketch_5,224,84,6431,19.0821,4756,2595,2153,8,1802,359,0.289,2117.21,4219.77,4219.77,13.087,54.5627,1963.46,70.5679,24407.2,30154.7,0,/home/ryo-mtmt/TOpt/forme/sketch_experiments/aa_sketch_multi_20260603_135857/barenco_tof_10_lx2_dynamic_repair_chi_packed_aa_sketch_5.out
barenco_tof_10,lx2_dynamic_repair_chi_packed_aa_sketch_8,224,84,7858,20.9313,4756,3667,1081,8,881,208,0.495,4547.88,3197.02,3197.02,24.051,77.1026,3141.42,75.2683,23506.7,22203.6,0,/home/ryo-mtmt/TOpt/forme/sketch_experiments/aa_sketch_multi_20260603_135857/barenco_tof_10_lx2_dynamic_repair_chi_packed_aa_sketch_8.out
barenco_tof_10,lx2_dynamic_repair_chi_packed_aa_sketch_10,224,84,5879,18.5952,4756,4007,741,8,614,135,0.486,3783.86,1999.12,1999.12,24.153,84.2515,3926.62,76.9813,23230,19158.5,0,/home/ryo-mtmt/TOpt/forme/sketch_experiments/aa_sketch_multi_20260603_135857/barenco_tof_10_lx2_dynamic_repair_chi_packed_aa_sketch_10.out
barenco_tof_10,lx2_dynamic_repair_chi_packed_aa_sketch_13,224,84,5881,18.5723,4756,4303,445,8,379,74,0.497,4611.22,1187.52,1187.52,22.506,90.4752,5104.59,78.7122,22533.8,16397.2,0,/home/ryo-mtmt/TOpt/forme/sketch_experiments/aa_sketch_multi_20260603_135857/barenco_tof_10_lx2_dynamic_repair_chi_packed_aa_sketch_13.out
barenco_tof_10,lx2_dynamic_repair_chi_packed_aa_sketch_15,224,84,4813,17.4888,4756,4421,327,8,285,50,0.442,4081.34,663.585,663.585,19.955,92.9563,5889.63,79.4603,21769.7,15087.4,0,/home/ryo-mtmt/TOpt/forme/sketch_experiments/aa_sketch_multi_20260603_135857/barenco_tof_10_lx2_dynamic_repair_chi_packed_aa_sketch_15.out
gf2^4_mult,lx2_dynamic_repair_chi_packed_aa,112,54,338,0.372309,1465,,1460,5,1161,304,0.075,,327.225,327.225,0.836,,,,2213.97,3664.21,0,/home/ryo-mtmt/TOpt/forme/sketch_experiments/aa_sketch_multi_20260603_135857/gf2_4_mult_lx2_dynamic_repair_chi_packed_aa.out
gf2^4_mult,lx2_dynamic_repair_chi_packed_aa_sketch_5,112,54,449,0.502364,1465,258,1202,5,999,208,0.076,100.613,337.523,337.523,0.83,17.6109,184.165,41.0744,2349.29,3610.11,0,/home/ryo-mtmt/TOpt/forme/sketch_experiments/aa_sketch_multi_20260603_135857/gf2_4_mult_lx2_dynamic_repair_chi_packed_aa_sketch_5.out
gf2^4_mult,lx2_dynamic_repair_chi_packed_aa_sketch_8,112,54,182,0.216327,1465,898,562,5,496,71,0.059,79.291,96.1,96.1,0.657,61.2969,293.636,47.4478,2572.92,3208.38,0,/home/ryo-mtmt/TOpt/forme/sketch_experiments/aa_sketch_multi_20260603_135857/gf2_4_mult_lx2_dynamic_repair_chi_packed_aa_sketch_8.out
gf2^4_mult,lx2_dynamic_repair_chi_packed_aa_sketch_10,112,54,249,0.303206,1465,1132,328,5,296,37,0.072,150.511,90.589,90.589,0.831,77.2696,367.031,48.9713,2623.3,2925.05,0,/home/ryo-mtmt/TOpt/forme/sketch_experiments/aa_sketch_multi_20260603_135857/gf2_4_mult_lx2_dynamic_repair_chi_packed_aa_sketch_10.out
gf2^4_mult,lx2_dynamic_repair_chi_packed_aa_sketch_13,112,54,140,0.174148,1465,1285,175,5,156,24,0.06,104.926,29.005,29.005,0.66,87.7133,476.735,50.0369,2537.33,2597.68,0,/home/ryo-mtmt/TOpt/forme/sketch_experiments/aa_sketch_multi_20260603_135857/gf2_4_mult_lx2_dynamic_repair_chi_packed_aa_sketch_13.out
gf2^4_mult,lx2_dynamic_repair_chi_packed_aa_sketch_15,112,54,137,0.169381,1465,1342,118,5,105,18,0.05,113.175,18.947,18.947,0.531,91.6041,550.206,50.415,2573.64,2510.23,0,/home/ryo-mtmt/TOpt/forme/sketch_experiments/aa_sketch_multi_20260603_135857/gf2_4_mult_lx2_dynamic_repair_chi_packed_aa_sketch_15.out
gf2^5_mult,lx2_dynamic_repair_chi_packed_aa,175,88,3025,3.18097,5763,,5754,9,4753,1010,0.171,,2974.15,2974.15,3.607,,,,3865.94,6447.13,0,/home/ryo-mtmt/TOpt/forme/sketch_experiments/aa_sketch_multi_20260603_135857/gf2_5_mult_lx2_dynamic_repair_chi_packed_aa.out
gf2^5_mult,lx2_dynamic_repair_chi_packed_aa_sketch_5,175,88,3536,3.68825,5763,1184,4570,9,3786,793,0.18,669.035,2811.28,2811.28,4.203,20.5449,323.39,69.1707,3900.6,5968.97,0,/home/ryo-mtmt/TOpt/forme/sketch_experiments/aa_sketch_multi_20260603_135857/gf2_5_mult_lx2_dynamic_repair_chi_packed_aa_sketch_5.out
gf2^5_mult,lx2_dynamic_repair_chi_packed_aa_sketch_8,175,88,1693,1.84668,5763,3312,2442,9,1995,456,0.116,706.691,954.95,954.95,2.657,57.4701,516.278,78.8634,3767.18,5026.32,0,/home/ryo-mtmt/TOpt/forme/sketch_experiments/aa_sketch_multi_20260603_135857/gf2_5_mult_lx2_dynamic_repair_chi_packed_aa_sketch_8.out
gf2^5_mult,lx2_dynamic_repair_chi_packed_aa_sketch_10,175,88,2461,2.71321,5763,4121,1633,9,1345,297,0.177,1379.62,1039.65,1039.65,4.17,71.5079,645.296,81.4841,3777.11,4630.44,0,/home/ryo-mtmt/TOpt/forme/sketch_experiments/aa_sketch_multi_20260603_135857/gf2_5_mult_lx2_dynamic_repair_chi_packed_aa_sketch_10.out
gf2^5_mult,lx2_dynamic_repair_chi_packed_aa_sketch_13,175,88,1290,1.44436,5763,4896,858,9,706,161,0.119,961.941,302.199,302.199,2.633,84.9558,838.688,83.4661,3802.07,4132.15,0,/home/ryo-mtmt/TOpt/forme/sketch_experiments/aa_sketch_multi_20260603_135857/gf2_5_mult_lx2_dynamic_repair_chi_packed_aa_sketch_13.out
gf2^5_mult,lx2_dynamic_repair_chi_packed_aa_sketch_15,175,88,1705,1.86054,5763,5172,582,9,478,113,0.176,1342.8,325.901,325.901,4.146,89.7449,967.479,84.189,3790.75,3872.64,0,/home/ryo-mtmt/TOpt/forme/sketch_experiments/aa_sketch_multi_20260603_135857/gf2_5_mult_lx2_dynamic_repair_chi_packed_aa_sketch_15.out
gf2^6_mult,lx2_dynamic_repair_chi_packed_aa,252,122,7065,7.46269,7828,,7818,10,6596,1232,0.169,,6984.99,6984.99,4.375,,,,6192.77,10699.8,0,/home/ryo-mtmt/TOpt/forme/sketch_experiments/aa_sketch_multi_20260603_135857/gf2_6_mult_lx2_dynamic_repair_chi_packed_aa.out
gf2^6_mult,lx2_dynamic_repair_chi_packed_aa_sketch_5,252,122,6811,7.20899,7828,1681,6137,10,5262,885,0.159,1328.01,5409.2,5409.2,4.17,21.4742,536.146,100.998,6397.7,10183.1,0,/home/ryo-mtmt/TOpt/forme/sketch_experiments/aa_sketch_multi_20260603_135857/gf2_6_mult_lx2_dynamic_repair_chi_packed_aa_sketch_5.out
gf2^6_mult,lx2_dynamic_repair_chi_packed_aa_sketch_8,252,122,3570,3.97192,7828,5456,2362,10,1947,425,0.158,1754.13,1763.1,1763.1,4.176,69.6985,856.603,111.864,6196.91,7993.12,0,/home/ryo-mtmt/TOpt/forme/sketch_experiments/aa_sketch_multi_20260603_135857/gf2_6_mult_lx2_dynamic_repair_chi_packed_aa_sketch_8.out
gf2^6_mult,lx2_dynamic_repair_chi_packed_aa_sketch_10,252,122,3087,3.49846,7828,6529,1289,10,1026,273,0.27,2052.67,962.684,962.684,7,83.4057,1070.6,114.286,6017.27,6813.51,0,/home/ryo-mtmt/TOpt/forme/sketch_experiments/aa_sketch_multi_20260603_135857/gf2_6_mult_lx2_dynamic_repair_chi_packed_aa_sketch_10.out
gf2^6_mult,lx2_dynamic_repair_chi_packed_aa_sketch_13,252,122,2810,3.21792,7828,7172,646,10,487,169,0.172,2381,383.35,383.35,4.273,91.6198,1391.41,116.072,5392.56,5534,0,/home/ryo-mtmt/TOpt/forme/sketch_experiments/aa_sketch_multi_20260603_135857/gf2_6_mult_lx2_dynamic_repair_chi_packed_aa_sketch_13.out
gf2^6_mult,lx2_dynamic_repair_chi_packed_aa_sketch_15,252,122,3192,3.60468,7828,7362,456,10,333,133,0.267,2766.41,358.6,358.6,7.126,94.047,1605.5,116.812,5056.1,4921.94,0,/home/ryo-mtmt/TOpt/forme/sketch_experiments/aa_sketch_multi_20260603_135857/gf2_6_mult_lx2_dynamic_repair_chi_packed_aa_sketch_15.out
gf2^7_mult,lx2_dynamic_repair_chi_packed_aa,343,164,28995,30.0288,19514,,19493,21,16298,3216,0.477,,28680.3,28680.3,15.706,,,,8401.06,13764.2,0,/home/ryo-mtmt/TOpt/forme/sketch_experiments/aa_sketch_multi_20260603_135857/gf2_7_mult_lx2_dynamic_repair_chi_packed_aa.out
gf2^7_mult,lx2_dynamic_repair_chi_packed_aa_sketch_5,343,164,30477,31.5272,19514,2350,17143,21,14477,2687,0.803,5002.4,25072.4,25072.4,23.397,12.0426,688.963,127.91,8470.49,13242.4,0,/home/ryo-mtmt/TOpt/forme/sketch_experiments/aa_sketch_multi_20260603_135857/gf2_7_mult_lx2_dynamic_repair_chi_packed_aa_sketch_5.out
gf2^7_mult,lx2_dynamic_repair_chi_packed_aa_sketch_8,343,164,20104,21.1818,19514,9958,9535,21,7690,1866,0.746,7018.9,12756.6,12756.6,22.996,51.03,1101.81,147.283,7784.51,10728.2,0,/home/ryo-mtmt/TOpt/forme/sketch_experiments/aa_sketch_multi_20260603_135857/gf2_7_mult_lx2_dynamic_repair_chi_packed_aa_sketch_8.out
gf2^7_mult,lx2_dynamic_repair_chi_packed_aa_sketch_10,343,164,15223,16.3141,19514,13227,6266,21,4919,1368,0.582,7779.84,7190.63,7190.63,19.513,67.7821,1377.03,152.688,7470.79,9593.65,0,/home/ryo-mtmt/TOpt/forme/sketch_experiments/aa_sketch_multi_20260603_135857/gf2_7_mult_lx2_dynamic_repair_chi_packed_aa_sketch_10.out
gf2^7_mult,lx2_dynamic_repair_chi_packed_aa_sketch_13,343,164,14233,15.3181,19514,15987,3506,21,2677,850,0.758,9578.29,4375.45,4375.45,23.722,81.9258,1789.64,156.846,7052.41,8291.55,0,/home/ryo-mtmt/TOpt/forme/sketch_experiments/aa_sketch_multi_20260603_135857/gf2_7_mult_lx2_dynamic_repair_chi_packed_aa_sketch_13.out
gf2^7_mult,lx2_dynamic_repair_chi_packed_aa_sketch_15,343,164,12965,14.0677,19514,17041,2452,21,1870,603,0.71,10177.6,2536.18,2536.18,22.254,87.327,2065.11,158.421,6970.81,7684.87,0,/home/ryo-mtmt/TOpt/forme/sketch_experiments/aa_sketch_multi_20260603_135857/gf2_7_mult_lx2_dynamic_repair_chi_packed_aa_sketch_15.out
gf2^8_mult,lx2_dynamic_repair_chi_packed_aa,448,220,75885,78.4401,24908,,24892,16,22199,2709,0.606,,75318.8,75318.8,22.253,,,,13475.4,22197.3,0,/home/ryo-mtmt/TOpt/forme/sketch_experiments/aa_sketch_multi_20260603_135857/gf2_8_mult_lx2_dynamic_repair_chi_packed_aa.out
gf2^8_mult,lx2_dynamic_repair_chi_packed_aa_sketch_5,448,220,82671,85.2093,24908,1912,22980,16,20682,2314,0.855,12207.2,69808.6,69808.6,31.274,7.67625,1110.7,184.239,13561.7,21829.5,0,/home/ryo-mtmt/TOpt/forme/sketch_experiments/aa_sketch_multi_20260603_135857/gf2_8_mult_lx2_dynamic_repair_chi_packed_aa_sketch_5.out
gf2^8_mult,lx2_dynamic_repair_chi_packed_aa_sketch_8,448,220,38877,41.4967,24908,16282,8610,16,7421,1205,0.724,16628.4,21836.5,21836.5,24.791,65.3686,1776.45,207.341,12538.6,17093.5,0,/home/ryo-mtmt/TOpt/forme/sketch_experiments/aa_sketch_multi_20260603_135857/gf2_8_mult_lx2_dynamic_repair_chi_packed_aa_sketch_8.out
gf2^8_mult,lx2_dynamic_repair_chi_packed_aa_sketch_10,448,220,28657,31.2848,24908,20843,4049,16,3288,777,0.825,19257.7,9018.27,9018.27,28.472,83.6799,2220.35,211.333,11343.9,14133.3,0,/home/ryo-mtmt/TOpt/forme/sketch_experiments/aa_sketch_multi_20260603_135857/gf2_8_mult_lx2_dynamic_repair_chi_packed_aa_sketch_10.out
gf2^8_mult,lx2_dynamic_repair_chi_packed_aa_sketch_13,448,220,26218,28.822,24908,23186,1706,16,1213,509,0.499,22974,3020.37,3020.37,18.407,93.0866,2885.97,213.733,9409.99,10699,0,/home/ryo-mtmt/TOpt/forme/sketch_experiments/aa_sketch_multi_20260603_135857/gf2_8_mult_lx2_dynamic_repair_chi_packed_aa_sketch_13.out
gf2^8_mult,lx2_dynamic_repair_chi_packed_aa_sketch_15,448,220,27408,30.0419,24908,23803,1089,16,713,392,0.671,25412.5,1722.48,1722.48,22.228,95.5637,3330.18,214.583,8450.89,9077.83,0,/home/ryo-mtmt/TOpt/forme/sketch_experiments/aa_sketch_multi_20260603_135857/gf2_8_mult_lx2_dynamic_repair_chi_packed_aa_sketch_15.out
grover_5,lx2_dynamic_repair_chi_packed_aa,336,144,126827,357.13,14915,,14906,9,13646,1269,0.705,,125261,125261,83.268,,,,57179.2,92841,0,/home/ryo-mtmt/TOpt/forme/sketch_experiments/aa_sketch_multi_20260603_135857/grover_5_lx2_dynamic_repair_chi_packed_aa.out
grover_5,lx2_dynamic_repair_chi_packed_aa_sketch_5,336,144,111751,341.676,14915,4270,10636,9,9962,683,0.916,17854.4,92665.3,92665.3,100.267,28.6289,4642.57,126.646,61035.6,88376,0,/home/ryo-mtmt/TOpt/forme/sketch_experiments/aa_sketch_multi_20260603_135857/grover_5_lx2_dynamic_repair_chi_packed_aa_sketch_5.out
grover_5,lx2_dynamic_repair_chi_packed_aa_sketch_8,336,144,69180,300.218,14915,9464,5442,9,5058,393,0.788,23423.4,45060.4,45060.4,86.575,63.4529,7427.67,133.984,64507.3,75680.7,0,/home/ryo-mtmt/TOpt/forme/sketch_experiments/aa_sketch_multi_20260603_135857/grover_5_lx2_dynamic_repair_chi_packed_aa_sketch_8.out
grover_5,lx2_dynamic_repair_chi_packed_aa_sketch_10,336,144,54764,284.724,14915,11552,3354,9,3089,274,0.706,27190.9,27074.2,27074.2,86.92,77.4522,9284.6,136.419,66523.1,68239,0,/home/ryo-mtmt/TOpt/forme/sketch_experiments/aa_sketch_multi_20260603_135857/grover_5_lx2_dynamic_repair_chi_packed_aa_sketch_10.out
grover_5,lx2_dynamic_repair_chi_packed_aa_sketch_13,336,144,46851,277.057,14915,13204,1702,9,1543,168,0.692,32608.2,13899.8,13899.8,87.207,88.5283,12070,138.603,68516.6,58827.4,0,/home/ryo-mtmt/TOpt/forme/sketch_experiments/aa_sketch_multi_20260603_135857/grover_5_lx2_dynamic_repair_chi_packed_aa_sketch_13.out
grover_5,lx2_dynamic_repair_chi_packed_aa_sketch_15,336,144,45848,276.452,14915,13792,1114,9,1008,115,0.848,36348,9179.42,9179.42,95.044,92.4707,13926.6,139.543,67244.6,52760.2,0,/home/ryo-mtmt/TOpt/forme/sketch_experiments/aa_sketch_multi_20260603_135857/grover_5_lx2_dynamic_repair_chi_packed_aa_sketch_15.out
hwb6,lx2_dynamic_repair_chi_packed_aa,105,52,2172,2.8251,2714,,2683,31,2017,697,0.855,,2003.02,2003.02,23.415,,,,7939.47,11266.6,0,/home/ryo-mtmt/TOpt/forme/sketch_experiments/aa_sketch_multi_20260603_135857/hwb6_lx2_dynamic_repair_chi_packed_aa.out
hwb6,lx2_dynamic_repair_chi_packed_aa_sketch_5,105,52,798,1.43616,2714,1785,898,31,659,270,0.489,307.018,400.129,400.129,13.911,65.7701,563.963,46.5741,6733.54,6753.4,0,/home/ryo-mtmt/TOpt/forme/sketch_experiments/aa_sketch_multi_20260603_135857/hwb6_lx2_dynamic_repair_chi_packed_aa_sketch_5.out
hwb6,lx2_dynamic_repair_chi_packed_aa_sketch_8,105,52,1215,2.28624,2714,2138,545,31,412,164,0.847,659.158,407.145,407.145,23.671,78.7767,901.96,50.4263,6163.56,5830.89,0,/home/ryo-mtmt/TOpt/forme/sketch_experiments/aa_sketch_multi_20260603_135857/hwb6_lx2_dynamic_repair_chi_packed_aa_sketch_8.out
hwb6,lx2_dynamic_repair_chi_packed_aa_sketch_10,105,52,699,1.3366,2714,2296,387,31,302,116,0.479,438.841,172.511,172.511,13.905,84.5984,1127.2,51.9134,5909.29,5347.76,0,/home/ryo-mtmt/TOpt/forme/sketch_experiments/aa_sketch_multi_20260603_135857/hwb6_lx2_dynamic_repair_chi_packed_aa_sketch_10.out
hwb6,lx2_dynamic_repair_chi_packed_aa_sketch_13,105,52,1238,2.30795,2714,2426,257,31,212,76,0.83,884.503,207.618,207.618,23.645,89.3884,1465.16,53.3371,5570.78,4902.18,0,/home/ryo-mtmt/TOpt/forme/sketch_experiments/aa_sketch_multi_20260603_135857/hwb6_lx2_dynamic_repair_chi_packed_aa_sketch_13.out
hwb6,lx2_dynamic_repair_chi_packed_aa_sketch_15,105,52,1289,2.29722,2714,2489,194,31,172,53,0.841,970.811,172.247,172.247,23.707,91.7097,1690.49,53.9562,5491.5,4810.34,0,/home/ryo-mtmt/TOpt/forme/sketch_experiments/aa_sketch_multi_20260603_135857/hwb6_lx2_dynamic_repair_chi_packed_aa_sketch_15.out
mod5_4,lx2_dynamic_repair_chi_packed_aa,28,16,3,0.005838,120,,120,0,90,30,0.008,,3.489,3.489,0,,,,428.664,639.3,0,/home/ryo-mtmt/TOpt/forme/sketch_experiments/aa_sketch_multi_20260603_135857/mod5_4_lx2_dynamic_repair_chi_packed_aa.out
mod5_4,lx2_dynamic_repair_chi_packed_aa_sketch_5,28,16,5,0.007965,120,19,101,0,83,18,0.009,1.328,3.789,3.789,0,15.8333,32.6667,7.51667,475.95,651.941,0,/home/ryo-mtmt/TOpt/forme/sketch_experiments/aa_sketch_multi_20260603_135857/mod5_4_lx2_dynamic_repair_chi_packed_aa_sketch_5.out
mod5_4,lx2_dynamic_repair_chi_packed_aa_sketch_8,28,16,4,0.007316,120,44,76,0,63,13,0.008,1.628,2.899,2.899,0,36.6667,51.5833,9.775,490.373,636.684,0,/home/ryo-mtmt/TOpt/forme/sketch_experiments/aa_sketch_multi_20260603_135857/mod5_4_lx2_dynamic_repair_chi_packed_aa_sketch_8.out
mod5_4,lx2_dynamic_repair_chi_packed_aa_sketch_10,28,16,3,0.005997,120,59,61,0,52,9,0.008,1.55,2.038,2.038,0,49.1667,64.3833,10.6083,506.167,608.361,0,/home/ryo-mtmt/TOpt/forme/sketch_experiments/aa_sketch_multi_20260603_135857/mod5_4_lx2_dynamic_repair_chi_packed_aa_sketch_10.out
mod5_4,lx2_dynamic_repair_chi_packed_aa_sketch_13,28,16,3,0.006445,120,80,40,0,36,4,0.009,2.07,1.634,1.634,0,66.6667,83.5333,11.6333,555.846,590.85,0,/home/ryo-mtmt/TOpt/forme/sketch_experiments/aa_sketch_multi_20260603_135857/mod5_4_lx2_dynamic_repair_chi_packed_aa_sketch_13.out
mod5_4,lx2_dynamic_repair_chi_packed_aa_sketch_15,28,16,3,0.006318,120,87,33,0,29,4,0.008,2.258,1.346,1.346,0,72.5,96.4333,12.0583,546.906,576.606,0,/home/ryo-mtmt/TOpt/forme/sketch_experiments/aa_sketch_multi_20260603_135857/mod5_4_lx2_dynamic_repair_chi_packed_aa_sketch_15.out
mod_mult_55,lx2_dynamic_repair_chi_packed_aa,49,17,22,0.070783,223,,219,4,118,105,0.049,,20.069,20.069,0.489,,,,1366.84,2726.02,0,/home/ryo-mtmt/TOpt/forme/sketch_experiments/aa_sketch_multi_20260603_135857/mod_mult_55_lx2_dynamic_repair_chi_packed_aa.out
mod_mult_55,lx2_dynamic_repair_chi_packed_aa_sketch_5,49,17,23,0.071396,223,91,128,4,75,57,0.05,8.018,12.727,12.727,0.494,40.8072,136.928,10.5247,1514.39,2392.05,0,/home/ryo-mtmt/TOpt/forme/sketch_experiments/aa_sketch_multi_20260603_135857/mod_mult_55_lx2_dynamic_repair_chi_packed_aa_sketch_5.out
mod_mult_55,lx2_dynamic_repair_chi_packed_aa_sketch_8,49,17,15,0.047549,223,135,84,4,49,39,0.039,7.541,6.401,6.401,0.427,60.5381,218.726,12.3363,1352.4,1986.17,0,/home/ryo-mtmt/TOpt/forme/sketch_experiments/aa_sketch_multi_20260603_135857/mod_mult_55_lx2_dynamic_repair_chi_packed_aa_sketch_8.out
mod_mult_55,lx2_dynamic_repair_chi_packed_aa_sketch_10,49,17,19,0.067746,223,150,69,4,40,33,0.048,10.813,6.567,6.567,0.483,67.2646,273.049,13.0673,1350.93,1765.16,0,/home/ryo-mtmt/TOpt/forme/sketch_experiments/aa_sketch_multi_20260603_135857/mod_mult_55_lx2_dynamic_repair_chi_packed_aa_sketch_10.out
mod_mult_55,lx2_dynamic_repair_chi_packed_aa_sketch_13,49,17,14,0.047084,223,173,46,4,27,23,0.043,9.595,3.513,3.513,0.408,77.5785,354.816,13.9552,1127.67,1425.78,0,/home/ryo-mtmt/TOpt/forme/sketch_experiments/aa_sketch_multi_20260603_135857/mod_mult_55_lx2_dynamic_repair_chi_packed_aa_sketch_13.out
mod_mult_55,lx2_dynamic_repair_chi_packed_aa_sketch_15,49,17,15,0.047197,223,182,37,4,22,19,0.041,10.385,2.89,2.89,0.413,81.6143,409.601,14.426,1023.52,1261.27,0,/home/ryo-mtmt/TOpt/forme/sketch_experiments/aa_sketch_multi_20260603_135857/mod_mult_55_lx2_dynamic_repair_chi_packed_aa_sketch_15.out
mod_red_21,lx2_dynamic_repair_chi_packed_aa,119,52,1878,2.23016,3377,,3367,10,2716,661,0.213,,1835.17,1835.17,6.632,,,,5307.88,8336.05,0,/home/ryo-mtmt/TOpt/forme/sketch_experiments/aa_sketch_multi_20260603_135857/mod_red_21_lx2_dynamic_repair_chi_packed_aa.out
mod_red_21,lx2_dynamic_repair_chi_packed_aa_sketch_5,119,52,1192,1.54106,3377,1302,2065,10,1727,348,0.144,283.862,882.511,882.511,4.306,38.5549,417.318,42.5988,5769.12,7423.13,0,/home/ryo-mtmt/TOpt/forme/sketch_experiments/aa_sketch_multi_20260603_135857/mod_red_21_lx2_dynamic_repair_chi_packed_aa_sketch_5.out
mod_red_21,lx2_dynamic_repair_chi_packed_aa_sketch_8,119,52,1508,2.09365,3377,2119,1248,10,1049,209,0.217,622.627,852.203,852.203,7.1,62.748,667.542,46.5534,6042.4,6545.12,0,/home/ryo-mtmt/TOpt/forme/sketch_experiments/aa_sketch_multi_20260603_135857/mod_red_21_lx2_dynamic_repair_chi_packed_aa_sketch_8.out
mod_red_21,lx2_dynamic_repair_chi_packed_aa_sketch_10,119,52,778,1.12913,3377,2473,894,10,753,151,0.138,412.716,346.357,346.357,4.268,73.2307,833.982,48.0589,6177.15,6059.61,0,/home/ryo-mtmt/TOpt/forme/sketch_experiments/aa_sketch_multi_20260603_135857/mod_red_21_lx2_dynamic_repair_chi_packed_aa_sketch_10.out
mod_red_21,lx2_dynamic_repair_chi_packed_aa_sketch_13,119,52,1052,1.40476,3377,2793,574,10,478,106,0.22,683.255,341.594,341.594,7.205,82.7065,1084.1,49.5132,6088.75,5417.48,0,/home/ryo-mtmt/TOpt/forme/sketch_experiments/aa_sketch_multi_20260603_135857/mod_red_21_lx2_dynamic_repair_chi_packed_aa_sketch_13.out
mod_red_21,lx2_dynamic_repair_chi_packed_aa_sketch_15,119,52,1200,1.64007,3377,2927,440,10,371,79,0.215,905.68,267.676,267.676,6.959,86.6746,1250.96,50.1774,6140.24,5173.91,0,/home/ryo-mtmt/TOpt/forme/sketch_experiments/aa_sketch_multi_20260603_135857/mod_red_21_lx2_dynamic_repair_chi_packed_aa_sketch_15.out
qcla_com_7,lx2_dynamic_repair_chi_packed_aa,203,62,5585,9.75714,4441,,4430,11,3501,940,0.279,,5480.74,5480.74,15.437,,,,15196.1,24308,0,/home/ryo-mtmt/TOpt/forme/sketch_experiments/aa_sketch_multi_20260603_135857/qcla_com_7_lx2_dynamic_repair_chi_packed_aa.out
qcla_com_7,lx2_dynamic_repair_chi_packed_aa_sketch_5,203,62,3187,7.37222,4441,3234,1196,11,919,288,0.482,1393.24,1708.28,1708.28,23.86,72.8214,1215.88,56.2382,16235.2,16383,0,/home/ryo-mtmt/TOpt/forme/sketch_experiments/aa_sketch_multi_20260603_135857/qcla_com_7_lx2_dynamic_repair_chi_packed_aa_sketch_5.out
qcla_com_7,lx2_dynamic_repair_chi_packed_aa_sketch_8,203,62,3363,10.3972,4441,3834,596,11,439,168,0.506,2368.38,916.167,916.167,27.179,86.3319,1945.25,59.3373,14673.7,12784,0,/home/ryo-mtmt/TOpt/forme/sketch_experiments/aa_sketch_multi_20260603_135857/qcla_com_7_lx2_dynamic_repair_chi_packed_aa_sketch_8.out
qcla_com_7,lx2_dynamic_repair_chi_packed_aa_sketch_10,203,62,2630,6.81398,4441,4024,406,11,303,114,0.484,2023.24,538.485,538.485,24.572,90.6102,2431.25,60.3222,13711.2,11358.5,0,/home/ryo-mtmt/TOpt/forme/sketch_experiments/aa_sketch_multi_20260603_135857/qcla_com_7_lx2_dynamic_repair_chi_packed_aa_sketch_10.out
qcla_com_7,lx2_dynamic_repair_chi_packed_aa_sketch_13,203,62,2054,6.22018,4441,4196,234,11,183,62,0.278,1822.82,189.975,189.975,16.053,94.4832,3160.46,61.1828,12032.3,9492.1,0,/home/ryo-mtmt/TOpt/forme/sketch_experiments/aa_sketch_multi_20260603_135857/qcla_com_7_lx2_dynamic_repair_chi_packed_aa_sketch_13.out
qcla_com_7,lx2_dynamic_repair_chi_packed_aa_sketch_15,203,62,3243,7.43241,4441,4247,183,11,146,48,0.48,2908.01,268.804,268.804,26.938,95.6316,3646.69,61.5373,11948.4,9316.56,0,/home/ryo-mtmt/TOpt/forme/sketch_experiments/aa_sketch_multi_20260603_135857/qcla_com_7_lx2_dynamic_repair_chi_packed_aa_sketch_15.out
qft_4,lx2_dynamic_repair_chi_packed_aa,14,12,1,0.004407,91,,90,1,37,54,0.012,,1.606,1.606,0.052,,,,266.367,580.264,0,/home/ryo-mtmt/TOpt/forme/sketch_experiments/aa_sketch_multi_20260603_135857/qft_4_lx2_dynamic_repair_chi_packed_aa.out
qft_4,lx2_dynamic_repair_chi_packed_aa_sketch_5,14,12,2,0.005195,91,27,63,1,33,31,0.011,0.902,1.446,1.446,0.051,29.6703,29.8132,5.64835,341.381,567.125,0,/home/ryo-mtmt/TOpt/forme/sketch_experiments/aa_sketch_multi_20260603_135857/qft_4_lx2_dynamic_repair_chi_packed_aa_sketch_5.out
qft_4,lx2_dynamic_repair_chi_packed_aa_sketch_8,14,12,2,0.004932,91,48,42,1,24,19,0.012,1.067,1.06,1.06,0.058,52.7473,46.8352,6.79121,379,503.372,0,/home/ryo-mtmt/TOpt/forme/sketch_experiments/aa_sketch_multi_20260603_135857/qft_4_lx2_dynamic_repair_chi_packed_aa_sketch_8.out
qft_4,lx2_dynamic_repair_chi_packed_aa_sketch_10,14,12,2,0.004801,91,57,33,1,19,15,0.012,1.188,0.823,0.823,0.052,62.6374,58.5604,7.34066,337.394,486.412,0,/home/ryo-mtmt/TOpt/forme/sketch_experiments/aa_sketch_multi_20260603_135857/qft_4_lx2_dynamic_repair_chi_packed_aa_sketch_10.out
qft_4,lx2_dynamic_repair_chi_packed_aa_sketch_13,14,12,2,0.004643,91,72,18,1,12,7,0.017,1.358,0.519,0.519,0.051,79.1209,75.9341,7.95604,373.222,445.263,0,/home/ryo-mtmt/TOpt/forme/sketch_experiments/aa_sketch_multi_20260603_135857/qft_4_lx2_dynamic_repair_chi_packed_aa_sketch_13.out
qft_4,lx2_dynamic_repair_chi_packed_aa_sketch_15,14,12,2,0.004654,91,74,16,1,11,6,0.011,1.418,0.477,0.477,0.05,81.3187,87.5604,8.15385,359.062,422.824,0,/home/ryo-mtmt/TOpt/forme/sketch_experiments/aa_sketch_multi_20260603_135857/qft_4_lx2_dynamic_repair_chi_packed_aa_sketch_15.out
rc_adder_6,lx2_dynamic_repair_chi_packed_aa,77,38,1040,2.38937,1281,,1276,5,891,390,0.171,,1007.83,1007.83,5.813,,,,9838.03,14849.7,0,/home/ryo-mtmt/TOpt/forme/sketch_experiments/aa_sketch_multi_20260603_135857/rc_adder_6_lx2_dynamic_repair_chi_packed_aa.out
rc_adder_6,lx2_dynamic_repair_chi_packed_aa_sketch_5,77,38,331,1.56077,1281,840,436,5,294,147,0.107,161.285,157.123,157.123,3.507,65.5738,742.94,31.6237,9072.53,9447.62,0,/home/ryo-mtmt/TOpt/forme/sketch_experiments/aa_sketch_multi_20260603_135857/rc_adder_6_lx2_dynamic_repair_chi_packed_aa_sketch_5.out
rc_adder_6,lx2_dynamic_repair_chi_packed_aa_sketch_8,77,38,503,2.09265,1281,1051,225,5,173,57,0.165,339.293,146.749,146.749,5.688,82.0453,1188.43,33.8915,10155.1,8398.47,0,/home/ryo-mtmt/TOpt/forme/sketch_experiments/aa_sketch_multi_20260603_135857/rc_adder_6_lx2_dynamic_repair_chi_packed_aa_sketch_8.out
rc_adder_6,lx2_dynamic_repair_chi_packed_aa_sketch_10,77,38,502,2.41472,1281,1123,153,5,125,33,0.168,381.82,105.155,105.155,5.748,87.6659,1485.41,34.6589,10576.3,8003.68,0,/home/ryo-mtmt/TOpt/forme/sketch_experiments/aa_sketch_multi_20260603_135857/rc_adder_6_lx2_dynamic_repair_chi_packed_aa_sketch_10.out
rc_adder_6,lx2_dynamic_repair_chi_packed_aa_sketch_13,77,38,522,2.27902,1281,1193,83,5,74,14,0.166,441.83,65.573,65.573,5.81,93.1304,1930.73,35.3786,10838.2,8102.33,0,/home/ryo-mtmt/TOpt/forme/sketch_experiments/aa_sketch_multi_20260603_135857/rc_adder_6_lx2_dynamic_repair_chi_packed_aa_sketch_13.out
rc_adder_6,lx2_dynamic_repair_chi_packed_aa_sketch_15,77,38,322,1.55502,1281,1225,51,5,49,7,0.11,285.195,28.238,28.238,3.552,95.6284,2227.94,35.6315,10433.2,8007.32,0,/home/ryo-mtmt/TOpt/forme/sketch_experiments/aa_sketch_multi_20260603_135857/rc_adder_6_lx2_dynamic_repair_chi_packed_aa_sketch_15.out
tof_3,lx2_dynamic_repair_chi_packed_aa,21,13,1,0.002637,103,,102,1,64,39,0.008,,1.553,1.553,0.024,,,,148.01,235.019,0,/home/ryo-mtmt/TOpt/forme/sketch_experiments/aa_sketch_multi_20260603_135857/tof_3_lx2_dynamic_repair_chi_packed_aa.out
tof_3,lx2_dynamic_repair_chi_packed_aa_sketch_5,21,13,1,0.002402,103,33,69,1,55,15,0.006,0.452,1.046,1.046,0.02,32.0388,14.7767,6.83495,188.029,250.4,0,/home/ryo-mtmt/TOpt/forme/sketch_experiments/aa_sketch_multi_20260603_135857/tof_3_lx2_dynamic_repair_chi_packed_aa_sketch_5.out
tof_3,lx2_dynamic_repair_chi_packed_aa_sketch_8,21,13,2,0.0033,103,49,53,1,42,12,0.008,0.806,1.156,1.156,0.03,47.5728,20.3689,7.75728,185.623,234.315,0,/home/ryo-mtmt/TOpt/forme/sketch_experiments/aa_sketch_multi_20260603_135857/tof_3_lx2_dynamic_repair_chi_packed_aa_sketch_8.out
tof_3,lx2_dynamic_repair_chi_packed_aa_sketch_10,21,13,2,0.003191,103,55,47,1,37,11,0.008,0.851,1.071,1.071,0.029,53.3981,24.1359,8.1165,184.979,225.583,0,/home/ryo-mtmt/TOpt/forme/sketch_experiments/aa_sketch_multi_20260603_135857/tof_3_lx2_dynamic_repair_chi_packed_aa_sketch_10.out
tof_3,lx2_dynamic_repair_chi_packed_aa_sketch_13,21,13,1,0.002462,103,69,33,1,24,10,0.006,0.833,0.539,0.539,0.03,66.9903,31.1845,8.81553,169.727,200.353,0,/home/ryo-mtmt/TOpt/forme/sketch_experiments/aa_sketch_multi_20260603_135857/tof_3_lx2_dynamic_repair_chi_packed_aa_sketch_13.out
tof_3,lx2_dynamic_repair_chi_packed_aa_sketch_15,21,13,1,0.002802,103,75,27,1,20,8,0.008,1.035,0.498,0.498,0.03,72.8155,35.8252,9.16505,165.963,196.464,0,/home/ryo-mtmt/TOpt/forme/sketch_experiments/aa_sketch_multi_20260603_135857/tof_3_lx2_dynamic_repair_chi_packed_aa_sketch_15.out
tof_4,lx2_dynamic_repair_chi_packed_aa,35,19,13,0.017603,230,,228,2,161,69,0.018,,13.074,13.074,0.13,,,,515.638,792.13,0,/home/ryo-mtmt/TOpt/forme/sketch_experiments/aa_sketch_multi_20260603_135857/tof_4_lx2_dynamic_repair_chi_packed_aa.out
tof_4,lx2_dynamic_repair_chi_packed_aa_sketch_5,35,19,11,0.01438,230,71,157,2,119,40,0.014,2.807,7.811,7.811,0.115,30.8696,41.2957,11.7826,556.911,768.377,0,/home/ryo-mtmt/TOpt/forme/sketch_experiments/aa_sketch_multi_20260603_135857/tof_4_lx2_dynamic_repair_chi_packed_aa_sketch_5.out
tof_4,lx2_dynamic_repair_chi_packed_aa_sketch_8,35,19,8,0.011774,230,128,100,2,74,28,0.014,3.461,4.431,4.431,0.109,55.6522,64.0304,13.5043,558.317,639.304,0,/home/ryo-mtmt/TOpt/forme/sketch_experiments/aa_sketch_multi_20260603_135857/tof_4_lx2_dynamic_repair_chi_packed_aa_sketch_8.out
tof_4,lx2_dynamic_repair_chi_packed_aa_sketch_10,35,19,7,0.010677,230,141,87,2,66,23,0.013,3.557,3.569,3.569,0.096,61.3043,79.7652,14.2304,586.705,635.629,0,/home/ryo-mtmt/TOpt/forme/sketch_experiments/aa_sketch_multi_20260603_135857/tof_4_lx2_dynamic_repair_chi_packed_aa_sketch_10.out
tof_4,lx2_dynamic_repair_chi_packed_aa_sketch_13,35,19,7,0.010715,230,173,55,2,44,13,0.015,4.456,2.531,2.531,0.111,75.2174,103.561,15.1043,592.964,584.842,0,/home/ryo-mtmt/TOpt/forme/sketch_experiments/aa_sketch_multi_20260603_135857/tof_4_lx2_dynamic_repair_chi_packed_aa_sketch_13.out
tof_4,lx2_dynamic_repair_chi_packed_aa_sketch_15,35,19,8,0.012766,230,181,47,2,38,11,0.017,5.731,2.513,2.513,0.127,78.6957,119.322,15.5087,573.167,581.898,0,/home/ryo-mtmt/TOpt/forme/sketch_experiments/aa_sketch_multi_20260603_135857/tof_4_lx2_dynamic_repair_chi_packed_aa_sketch_15.out
tof_5,lx2_dynamic_repair_chi_packed_aa,49,25,55,0.070263,426,,423,3,309,117,0.033,,52.968,52.968,0.396,,,,1137.24,1792.46,0,/home/ryo-mtmt/TOpt/forme/sketch_experiments/aa_sketch_multi_20260603_135857/tof_5_lx2_dynamic_repair_chi_packed_aa.out
tof_5,lx2_dynamic_repair_chi_packed_aa_sketch_5,49,25,36,0.046668,426,134,289,3,223,69,0.028,9.072,26.014,26.014,0.326,31.4554,90.0845,16.7324,1227.74,1694.12,0,/home/ryo-mtmt/TOpt/forme/sketch_experiments/aa_sketch_multi_20260603_135857/tof_5_lx2_dynamic_repair_chi_packed_aa_sketch_5.out
tof_5,lx2_dynamic_repair_chi_packed_aa_sketch_8,49,25,29,0.039169,426,232,191,3,144,50,0.028,11.452,15.888,15.888,0.329,54.4601,143.866,19,1204.03,1481.08,0,/home/ryo-mtmt/TOpt/forme/sketch_experiments/aa_sketch_multi_20260603_135857/tof_5_lx2_dynamic_repair_chi_packed_aa_sketch_8.out
tof_5,lx2_dynamic_repair_chi_packed_aa_sketch_10,49,25,26,0.03654,426,285,138,3,103,38,0.028,13.303,11.186,11.186,0.331,66.9014,179.789,19.946,1228.88,1315.54,0,/home/ryo-mtmt/TOpt/forme/sketch_experiments/aa_sketch_multi_20260603_135857/tof_5_lx2_dynamic_repair_chi_packed_aa_sketch_10.out
tof_5,lx2_dynamic_repair_chi_packed_aa_sketch_13,49,25,31,0.046462,426,330,93,3,73,23,0.033,20.546,8.877,8.877,0.386,77.4648,233.681,20.9648,1183.89,1149.32,0,/home/ryo-mtmt/TOpt/forme/sketch_experiments/aa_sketch_multi_20260603_135857/tof_5_lx2_dynamic_repair_chi_packed_aa_sketch_13.out
tof_5,lx2_dynamic_repair_chi_packed_aa_sketch_15,49,25,24,0.034884,426,355,68,3,62,9,0.028,16.874,5.979,5.979,0.321,83.3333,269.284,21.4202,1378.37,1154.41,0,/home/ryo-mtmt/TOpt/forme/sketch_experiments/aa_sketch_multi_20260603_135857/tof_5_lx2_dynamic_repair_chi_packed_aa_sketch_15.out
tof_10,lx2_dynamic_repair_chi_packed_aa,119,55,2798,4.54021,2269,,2261,8,1752,517,0.248,,2739.89,2739.89,7.953,,,,8716.48,15697.5,0,/home/ryo-mtmt/TOpt/forme/sketch_experiments/aa_sketch_multi_20260603_135857/tof_10_lx2_dynamic_repair_chi_packed_aa.out
tof_10,lx2_dynamic_repair_chi_packed_aa_sketch_5,119,55,1021,2.26983,2269,1120,1141,8,874,275,0.152,336.546,658.843,658.843,4.775,49.361,785.322,42.5302,9166.67,11456.4,0,/home/ryo-mtmt/TOpt/forme/sketch_experiments/aa_sketch_multi_20260603_135857/tof_10_lx2_dynamic_repair_chi_packed_aa_sketch_5.out
tof_10,lx2_dynamic_repair_chi_packed_aa_sketch_8,119,55,771,2.01682,2269,1582,679,8,507,180,0.148,421.439,328.897,328.897,4.795,69.7223,1256.2,46.5619,8666.93,8749.99,0,/home/ryo-mtmt/TOpt/forme/sketch_experiments/aa_sketch_multi_20260603_135857/tof_10_lx2_dynamic_repair_chi_packed_aa_sketch_8.out
tof_10,lx2_dynamic_repair_chi_packed_aa_sketch_10,119,55,1206,2.54869,2269,1762,499,8,363,144,0.246,815.864,358.69,358.69,8.134,77.6554,1570.27,48.2636,7854.5,7260.6,0,/home/ryo-mtmt/TOpt/forme/sketch_experiments/aa_sketch_multi_20260603_135857/tof_10_lx2_dynamic_repair_chi_packed_aa_sketch_10.out
tof_10,lx2_dynamic_repair_chi_packed_aa_sketch_13,119,55,725,1.97252,2269,1924,337,8,260,85,0.151,565.589,141.951,141.951,4.807,84.7951,2041.04,50.0454,7720.41,6371.32,0,/home/ryo-mtmt/TOpt/forme/sketch_experiments/aa_sketch_multi_20260603_135857/tof_10_lx2_dynamic_repair_chi_packed_aa_sketch_13.out
tof_10,lx2_dynamic_repair_chi_packed_aa_sketch_15,119,55,1261,2.62827,2269,2005,256,8,199,65,0.251,1052.78,179.914,179.914,8.246,88.3649,2355.06,50.9185,7501.97,5793.08,0,/home/ryo-mtmt/TOpt/forme/sketch_experiments/aa_sketch_multi_20260603_135857/tof_10_lx2_dynamic_repair_chi_packed_aa_sketch_15.out
vbe_adder_3,lx2_dynamic_repair_chi_packed_aa,70,19,20,0.029786,225,,223,2,159,66,0.02,,19.78,19.78,0.187,,,,985.804,1705.6,0,/home/ryo-mtmt/TOpt/forme/sketch_experiments/aa_sketch_multi_20260603_135857/vbe_adder_3_lx2_dynamic_repair_chi_packed_aa.out
vbe_adder_3,lx2_dynamic_repair_chi_packed_aa_sketch_5,70,19,9,0.01769,225,164,59,2,46,15,0.016,4.194,4.188,4.188,0.154,72.8889,85.7333,15.3867,1137.2,1292.51,0,/home/ryo-mtmt/TOpt/forme/sketch_experiments/aa_sketch_multi_20260603_135857/vbe_adder_3_lx2_dynamic_repair_chi_packed_aa_sketch_5.out
vbe_adder_3,lx2_dynamic_repair_chi_packed_aa_sketch_8,70,19,9,0.019119,225,199,24,2,21,5,0.02,6.203,2.216,2.216,0.203,88.4444,137.08,16.5067,1200.76,1110,0,/home/ryo-mtmt/TOpt/forme/sketch_experiments/aa_sketch_multi_20260603_135857/vbe_adder_3_lx2_dynamic_repair_chi_packed_aa_sketch_8.out
vbe_adder_3,lx2_dynamic_repair_chi_packed_aa_sketch_10,70,19,11,0.024153,225,207,16,2,16,2,0.022,8.683,1.993,1.993,0.213,92,171.093,16.7378,1135.12,1081.89,0,/home/ryo-mtmt/TOpt/forme/sketch_experiments/aa_sketch_multi_20260603_135857/vbe_adder_3_lx2_dynamic_repair_chi_packed_aa_sketch_10.out
vbe_adder_3,lx2_dynamic_repair_chi_packed_aa_sketch_13,70,19,12,0.024775,225,215,8,2,10,0,0.021,9.986,1.332,1.332,0.222,95.5556,222.413,17.0356,1216.78,1081.6,0,/home/ryo-mtmt/TOpt/forme/sketch_experiments/aa_sketch_multi_20260603_135857/vbe_adder_3_lx2_dynamic_repair_chi_packed_aa_sketch_13.out
vbe_adder_3,lx2_dynamic_repair_chi_packed_aa_sketch_15,70,19,12,0.024932,225,222,1,2,3,0,0.021,10.771,0.534,0.534,0.232,98.6667,256.36,17.1644,0,859.667,0,/home/ryo-mtmt/TOpt/forme/sketch_experiments/aa_sketch_multi_20260603_135857/vbe_adder_3_lx2_dynamic_repair_chi_packed_aa_sketch_15.out
gf2^9_mult,lx2_dynamic_repair_chi_packed_aa,567,281,219647,225.222,42091,,42065,26,38090,4001,1.149,,218289,218289,47.165,,,,18203.9,29667.7,0,/home/ryo-mtmt/TOpt/forme/sketch_experiments/aa_sketch_multi_20260603_135857/gf2_9_mult_lx2_dynamic_repair_chi_packed_aa.out
gf2^9_mult,lx2_dynamic_repair_chi_packed_aa_sketch_5,567,281,231347,236.915,42091,3928,38137,26,34775,3388,1.178,33824.1,196212,196212,47.849,9.33216,1484.24,239.11,18267.3,28913.2,0,/home/ryo-mtmt/TOpt/forme/sketch_experiments/aa_sketch_multi_20260603_135857/gf2_9_mult_lx2_dynamic_repair_chi_packed_aa_sketch_5.out
gf2^9_mult,lx2_dynamic_repair_chi_packed_aa_sketch_8,567,281,101847,107.593,42091,29016,13049,26,11167,1908,1.342,46219.4,54657.9,54657.9,55.277,68.9364,2373.9,266.421,15958.8,21406.7,0,/home/ryo-mtmt/TOpt/forme/sketch_experiments/aa_sketch_multi_20260603_135857/gf2_9_mult_lx2_dynamic_repair_chi_packed_aa_sketch_8.out
gf2^9_mult,lx2_dynamic_repair_chi_packed_aa_sketch_10,567,281,78939,84.7022,42091,35711,6354,26,5012,1368,1.759,53794.9,24040.1,24040.1,73.148,84.8424,2967.37,271.172,13816.9,17175.6,0,/home/ryo-mtmt/TOpt/forme/sketch_experiments/aa_sketch_multi_20260603_135857/gf2_9_mult_lx2_dynamic_repair_chi_packed_aa_sketch_10.out
gf2^9_mult,lx2_dynamic_repair_chi_packed_aa_sketch_13,567,281,73819,79.5993,42091,38874,3191,26,2275,942,1.442,63610.7,9360.45,9360.45,57.487,92.357,3857.4,274.313,11405.3,13455,0,/home/ryo-mtmt/TOpt/forme/sketch_experiments/aa_sketch_multi_20260603_135857/gf2_9_mult_lx2_dynamic_repair_chi_packed_aa_sketch_13.out
gf2^9_mult,lx2_dynamic_repair_chi_packed_aa_sketch_15,567,281,76272,82.0523,42091,39985,2080,26,1385,721,1.056,70197,5476.95,5476.95,45.225,94.9966,4450.54,275.503,10281.9,11684.8,0,/home/ryo-mtmt/TOpt/forme/sketch_experiments/aa_sketch_multi_20260603_135857/gf2_9_mult_lx2_dynamic_repair_chi_packed_aa_sketch_15.out
