circuit,algorithm,input_tcount,output_tcount,total_exec_ms,overall_exec_s,chi_ms,aa_ms,nullspace_ms,sketch_ms,reject_rate_pct,sketch_mode,sketch_attempts,sketch_skipped,sketch_rejected,sketch_rank_rejected,sketch_pair_rejected,pair_reject_rate_pct,sketch_passed,sketch_rows_avg,sketch_y_vectors,sketch_pair_y,sketch_y_full_ok,sketch_y_full_ng,sketch_y_reduced,full_ns_skipped,full_ns_skip_rate_pct,full_ns_computed,fail_count,outfile
barenco_tof_3,todd_exp_packedlocal_diff_1110,28,14,3,0.005092,0.849,0.011,2.507,,,,,,,,,,,,,,,,,,,,0,/home/ryo-mtmt/TOpt/forme/sketch_experiments/multi_20260528_070953/barenco_tof_3_todd_exp_packedlocal_diff_1110.out
barenco_tof_3,todd_exp_packedlocal_diff_1111_p5,28,14,4,0.005669,0.858,0.009,1.833,1.245,35.71,percent(5),84,0,30,0,30,35.71,54,20.3095,535,112,0,112,0,30,35.71,54,0,/home/ryo-mtmt/TOpt/forme/sketch_experiments/multi_20260528_070953/barenco_tof_3_todd_exp_packedlocal_diff_1111_p5.out
barenco_tof_3,todd_exp_packedlocal_diff_1111_p10,28,14,3,0.005059,0.88,0.009,0.766,1.692,72.34,percent(10),94,0,68,0,68,72.34,26,37.1277,452,51,1,50,1,69,73.40,25,0,/home/ryo-mtmt/TOpt/forme/sketch_experiments/multi_20260528_070953/barenco_tof_3_todd_exp_packedlocal_diff_1111_p10.out
barenco_tof_3,todd_exp_packedlocal_diff_1111_p15,28,14,4,0.005329,0.86,0.01,0.363,2.225,86.14,percent(15),101,0,87,0,87,86.14,14,54.7426,419,27,1,26,1,88,87.13,13,0,/home/ryo-mtmt/TOpt/forme/sketch_experiments/multi_20260528_070953/barenco_tof_3_todd_exp_packedlocal_diff_1111_p15.out
barenco_tof_3,todd_exp_packedlocal_diff_1111_p20,28,14,4,0.00565,0.858,0.01,0.182,2.806,92.66,percent(20),109,0,101,0,101,92.66,8,72.3028,415,15,1,14,1,102,93.58,7,0,/home/ryo-mtmt/TOpt/forme/sketch_experiments/multi_20260528_070953/barenco_tof_3_todd_exp_packedlocal_diff_1111_p20.out
barenco_tof_4,todd_exp_packedlocal_diff_1110,56,24,54,0.066184,10.48,0.022,43.106,,,,,,,,,,,,,,,,,,,,0,/home/ryo-mtmt/TOpt/forme/sketch_experiments/multi_20260528_070953/barenco_tof_4_todd_exp_packedlocal_diff_1110.out
barenco_tof_4,todd_exp_packedlocal_diff_1111_p5,56,24,49,0.060345,10.688,0.022,25.272,11.819,39.21,percent(5),278,0,109,0,109,39.21,169,87.9029,1851,370,0,370,0,109,39.21,169,0,/home/ryo-mtmt/TOpt/forme/sketch_experiments/multi_20260528_070953/barenco_tof_4_todd_exp_packedlocal_diff_1111_p5.out
barenco_tof_4,todd_exp_packedlocal_diff_1111_p10,56,24,39,0.050842,11.235,0.021,8.443,18.489,77.52,percent(10),307,0,238,0,238,77.52,69,169.055,1381,142,0,142,0,238,77.52,69,0,/home/ryo-mtmt/TOpt/forme/sketch_experiments/multi_20260528_070953/barenco_tof_4_todd_exp_packedlocal_diff_1111_p10.out
barenco_tof_4,todd_exp_packedlocal_diff_1111_p15,56,24,42,0.053178,11.197,0.021,3.866,25.404,88.68,percent(15),318,0,282,0,282,88.68,36,248.626,1223,78,0,78,0,282,88.68,36,0,/home/ryo-mtmt/TOpt/forme/sketch_experiments/multi_20260528_070953/barenco_tof_4_todd_exp_packedlocal_diff_1111_p15.out
barenco_tof_4,todd_exp_packedlocal_diff_1111_p20,56,24,47,0.058483,11.915,0.021,1.554,32.029,95.27,percent(20),338,0,322,0,322,95.27,16,320.107,1236,36,0,36,0,322,95.27,16,0,/home/ryo-mtmt/TOpt/forme/sketch_experiments/multi_20260528_070953/barenco_tof_4_todd_exp_packedlocal_diff_1111_p20.out
barenco_tof_5,todd_exp_packedlocal_diff_1110,84,34,291,0.364761,46.871,0.046,242.39,,,,,,,,,,,,,,,,,,,,0,/home/ryo-mtmt/TOpt/forme/sketch_experiments/multi_20260528_070953/barenco_tof_5_todd_exp_packedlocal_diff_1110.out
barenco_tof_5,todd_exp_packedlocal_diff_1111_p5,84,34,246,0.318122,47.973,0.049,133.246,61.575,43.84,percent(5),593,0,260,0,260,43.84,333,227.791,4194,706,0,706,0,260,43.84,333,0,/home/ryo-mtmt/TOpt/forme/sketch_experiments/multi_20260528_070953/barenco_tof_5_todd_exp_packedlocal_diff_1111_p5.out
barenco_tof_5,todd_exp_packedlocal_diff_1111_p10,84,34,186,0.259006,50.358,0.047,36.95,96.069,80.47,percent(10),640,0,515,0,515,80.47,125,436.283,3063,256,0,256,0,515,80.47,125,0,/home/ryo-mtmt/TOpt/forme/sketch_experiments/multi_20260528_070953/barenco_tof_5_todd_exp_packedlocal_diff_1111_p10.out
barenco_tof_5,todd_exp_packedlocal_diff_1111_p15,84,34,203,0.276205,52.663,0.047,13.423,134.55,91.00,percent(15),667,0,607,0,607,91.00,60,638.967,2690,124,0,124,0,607,91.00,60,0,/home/ryo-mtmt/TOpt/forme/sketch_experiments/multi_20260528_070953/barenco_tof_5_todd_exp_packedlocal_diff_1111_p15.out
barenco_tof_5,todd_exp_packedlocal_diff_1111_p20,84,34,235,0.306054,54.737,0.043,5.845,172.027,95.79,percent(20),689,0,660,0,660,95.79,29,832.955,2530,59,1,58,1,661,95.94,28,0,/home/ryo-mtmt/TOpt/forme/sketch_experiments/multi_20260528_070953/barenco_tof_5_todd_exp_packedlocal_diff_1111_p20.out
barenco_tof_10,todd_exp_packedlocal_diff_1110,224,84,28753,41.4912,2077.47,0.482,26641.7,,,,,,,,,,,,,,,,,,,,0,/home/ryo-mtmt/TOpt/forme/sketch_experiments/multi_20260528_070953/barenco_tof_10_todd_exp_packedlocal_diff_1110.out
barenco_tof_10,todd_exp_packedlocal_diff_1111_p5,224,84,12966,25.7527,1714.79,0.345,7955.54,3269,56.19,percent(5),4202,0,2361,0,2361,56.19,1841,2144.28,47978,3906,0,3906,0,2361,56.19,1841,0,/home/ryo-mtmt/TOpt/forme/sketch_experiments/multi_20260528_070953/barenco_tof_10_todd_exp_packedlocal_diff_1111_p5.out
barenco_tof_10,todd_exp_packedlocal_diff_1111_p10,224,84,8389,21.1923,1686.21,0.324,1406.96,5271.88,85.58,percent(10),4398,0,3764,0,3764,85.58,634,4157.06,30951,1304,1,1303,1,3765,85.61,633,0,/home/ryo-mtmt/TOpt/forme/sketch_experiments/multi_20260528_070953/barenco_tof_10_todd_exp_packedlocal_diff_1111_p10.out
barenco_tof_10,todd_exp_packedlocal_diff_1111_p15,224,84,10147,23.0295,1849.83,0.431,520.83,7743.95,93.59,percent(15),4572,0,4279,0,4279,93.59,293,6296.89,25764,630,2,628,2,4281,93.64,291,0,/home/ryo-mtmt/TOpt/forme/sketch_experiments/multi_20260528_070953/barenco_tof_10_todd_exp_packedlocal_diff_1111_p15.out
barenco_tof_10,todd_exp_packedlocal_diff_1111_p20,224,84,11543,24.4055,1655.05,0.394,217.899,9641.71,96.67,percent(20),4531,0,4380,0,4380,96.67,151,8419.82,21417,329,2,327,2,4382,96.71,149,0,/home/ryo-mtmt/TOpt/forme/sketch_experiments/multi_20260528_070953/barenco_tof_10_todd_exp_packedlocal_diff_1111_p20.out
gf2^4_mult,todd_exp_packedlocal_diff_1110,112,54,672,0.726431,82.941,0.065,584.184,,,,,,,,,,,,,,,,,,,,0,/home/ryo-mtmt/TOpt/forme/sketch_experiments/multi_20260528_070953/gf2_4_mult_todd_exp_packedlocal_diff_1110.out
gf2^4_mult,todd_exp_packedlocal_diff_1111_p5,112,54,557,0.591853,66.417,0.063,390.124,95.869,17.55,percent(5),1214,0,213,0,213,17.55,1001,190.539,14423,2992,0,2992,0,213,17.55,1001,0,/home/ryo-mtmt/TOpt/forme/sketch_experiments/multi_20260528_070953/gf2_4_mult_todd_exp_packedlocal_diff_1111_p5.out
gf2^4_mult,todd_exp_packedlocal_diff_1111_p10,112,54,425,0.478222,89.654,0.067,110.349,220.101,80.13,percent(10),1364,0,1093,0,1093,80.13,271,377.673,6083,616,0,616,0,1093,80.13,271,0,/home/ryo-mtmt/TOpt/forme/sketch_experiments/multi_20260528_070953/gf2_4_mult_todd_exp_packedlocal_diff_1111_p10.out
gf2^4_mult,todd_exp_packedlocal_diff_1111_p15,112,54,437,0.492251,92.617,0.065,28.489,311.24,94.08,percent(15),1420,0,1336,0,1336,94.08,84,559.555,4878,186,0,186,0,1336,94.08,84,0,/home/ryo-mtmt/TOpt/forme/sketch_experiments/multi_20260528_070953/gf2_4_mult_todd_exp_packedlocal_diff_1111_p15.out
gf2^4_mult,todd_exp_packedlocal_diff_1111_p20,112,54,323,0.357579,60.22,0.062,9.396,248.489,97.09,percent(20),1445,0,1403,0,1403,97.09,42,739.329,4438,85,1,84,1,1404,97.16,41,0,/home/ryo-mtmt/TOpt/forme/sketch_experiments/multi_20260528_070953/gf2_4_mult_todd_exp_packedlocal_diff_1111_p20.out
gf2^5_mult,todd_exp_packedlocal_diff_1110,175,88,4019,4.16933,342.261,0.124,3661.61,,,,,,,,,,,,,,,,,,,,0,/home/ryo-mtmt/TOpt/forme/sketch_experiments/multi_20260528_070953/gf2_5_mult_todd_exp_packedlocal_diff_1110.out
gf2^5_mult,todd_exp_packedlocal_diff_1111_p5,175,88,3685,3.83621,348.246,0.125,2656.78,663.088,22.44,percent(5),4861,0,1091,0,1091,22.44,3770,341.076,81314,17234,0,17234,0,1091,22.44,3770,0,/home/ryo-mtmt/TOpt/forme/sketch_experiments/multi_20260528_070953/gf2_5_mult_todd_exp_packedlocal_diff_1111_p5.out
gf2^5_mult,todd_exp_packedlocal_diff_1111_p10,175,88,2491,2.63137,387.312,0.166,840.525,1242.72,74.13,percent(10),5258,0,3898,0,3898,74.13,1360,674.084,30396,3602,1,3601,1,3899,74.15,1359,0,/home/ryo-mtmt/TOpt/forme/sketch_experiments/multi_20260528_070953/gf2_5_mult_todd_exp_packedlocal_diff_1111_p10.out
gf2^5_mult,todd_exp_packedlocal_diff_1111_p15,175,88,2409,2.56051,384.584,0.122,222.356,1786.04,91.02,percent(15),5467,0,4976,0,4976,91.02,491,998.193,20530,1187,1,1186,1,4977,91.04,490,0,/home/ryo-mtmt/TOpt/forme/sketch_experiments/multi_20260528_070953/gf2_5_mult_todd_exp_packedlocal_diff_1111_p15.out
gf2^5_mult,todd_exp_packedlocal_diff_1111_p20,175,88,2841,2.99307,370.731,0.116,88.086,2367.1,95.87,percent(20),5573,0,5343,0,5343,95.87,230,1318.11,17595,524,2,522,2,5345,95.91,228,0,/home/ryo-mtmt/TOpt/forme/sketch_experiments/multi_20260528_070953/gf2_5_mult_todd_exp_packedlocal_diff_1111_p20.out
gf2^6_mult,todd_exp_packedlocal_diff_1110,252,122,10224,10.6305,766.501,0.263,9421.3,,,,,,,,,,,,,,,,,,,,0,/home/ryo-mtmt/TOpt/forme/sketch_experiments/multi_20260528_070953/gf2_6_mult_todd_exp_packedlocal_diff_1110.out
gf2^6_mult,todd_exp_packedlocal_diff_1111_p5,252,122,9382,9.7774,733.874,0.159,6967.14,1652.88,21.79,percent(5),6774,0,1476,0,1476,21.79,5298,562.949,117852,22042,0,22042,0,1476,21.79,5298,0,/home/ryo-mtmt/TOpt/forme/sketch_experiments/multi_20260528_070953/gf2_6_mult_todd_exp_packedlocal_diff_1111_p5.out
gf2^6_mult,todd_exp_packedlocal_diff_1111_p10,252,122,4990,5.39482,769.089,0.165,994.259,3200.29,86.00,percent(10),7326,0,6300,0,6300,86.00,1026,1116.44,39512,2850,0,2850,0,6300,86.00,1026,0,/home/ryo-mtmt/TOpt/forme/sketch_experiments/multi_20260528_070953/gf2_6_mult_todd_exp_packedlocal_diff_1111_p10.out
gf2^6_mult,todd_exp_packedlocal_diff_1111_p15,252,122,5923,6.3366,774.739,0.263,343.123,4767.07,95.32,percent(15),7478,0,7128,0,7128,95.32,350,1658.42,30547,976,0,976,0,7128,95.32,350,0,/home/ryo-mtmt/TOpt/forme/sketch_experiments/multi_20260528_070953/gf2_6_mult_todd_exp_packedlocal_diff_1111_p15.out
gf2^6_mult,todd_exp_packedlocal_diff_1111_p20,252,122,7323,7.73264,831.545,0.265,143.138,6310.17,97.81,percent(20),7565,0,7399,0,7399,97.81,166,2194.56,27037,514,0,514,0,7399,97.81,166,0,/home/ryo-mtmt/TOpt/forme/sketch_experiments/multi_20260528_070953/gf2_6_mult_todd_exp_packedlocal_diff_1111_p20.out
gf2^7_mult,todd_exp_packedlocal_diff_1110,343,164,39901,40.9408,2625.02,0.46,37184.2,,,,,,,,,,,,,,,,,,,,0,/home/ryo-mtmt/TOpt/forme/sketch_experiments/multi_20260528_070953/gf2_7_mult_todd_exp_packedlocal_diff_1110.out
gf2^7_mult,todd_exp_packedlocal_diff_1111_p5,343,164,40794,41.8453,2644.32,0.69,31730.3,6285.92,12.08,percent(5),16509,0,1994,0,1994,12.08,14515,732.358,516294,89450,0,89450,0,1994,12.08,14515,0,/home/ryo-mtmt/TOpt/forme/sketch_experiments/multi_20260528_070953/gf2_7_mult_todd_exp_packedlocal_diff_1111_p5.out
gf2^7_mult,todd_exp_packedlocal_diff_1111_p10,343,164,22976,24.0772,2647.01,0.684,8084.64,12115.9,71.45,percent(10),17438,0,12459,0,12459,71.45,4979,1457.59,150398,17961,1,17960,1,12460,71.45,4978,0,/home/ryo-mtmt/TOpt/forme/sketch_experiments/multi_20260528_070953/gf2_7_mult_todd_exp_packedlocal_diff_1111_p10.out
gf2^7_mult,todd_exp_packedlocal_diff_1111_p15,343,164,23455,24.5447,2680,0.722,2761.75,17883.2,89.69,percent(15),18193,0,16317,0,16317,89.69,1876,2152.47,88633,5646,2,5644,2,16319,89.70,1874,0,/home/ryo-mtmt/TOpt/forme/sketch_experiments/multi_20260528_070953/gf2_7_mult_todd_exp_packedlocal_diff_1111_p15.out
gf2^7_mult,todd_exp_packedlocal_diff_1111_p20,343,164,26799,27.886,2656.99,0.726,970.259,23044.2,95.61,percent(20),18714,0,17892,0,17892,95.61,822,2829.34,70843,2274,4,2270,4,17896,95.63,818,0,/home/ryo-mtmt/TOpt/forme/sketch_experiments/multi_20260528_070953/gf2_7_mult_todd_exp_packedlocal_diff_1111_p20.out
gf2^8_mult,todd_exp_packedlocal_diff_1110,448,220,136793,139.278,5956.9,0.77,130656,,,,,,,,,,,,,,,,,,,,0,/home/ryo-mtmt/TOpt/forme/sketch_experiments/multi_20260528_070953/gf2_8_mult_todd_exp_packedlocal_diff_1110.out
gf2^8_mult,todd_exp_packedlocal_diff_1111_p5,448,220,145713,148.193,5936.22,0.856,122074,17500.2,7.40,percent(5),22339,0,1652,0,1652,7.40,20687,1147.67,695506,200426,0,200426,0,1652,7.40,20687,0,/home/ryo-mtmt/TOpt/forme/sketch_experiments/multi_20260528_070953/gf2_8_mult_todd_exp_packedlocal_diff_1111_p5.out
gf2^8_mult,todd_exp_packedlocal_diff_1111_p10,448,220,50708,53.331,5862.07,0.612,11088.9,33613.4,86.30,percent(10),23693,0,20447,0,20447,86.30,3246,2290.45,127222,15488,0,15488,0,20447,86.30,3246,0,/home/ryo-mtmt/TOpt/forme/sketch_experiments/multi_20260528_070953/gf2_8_mult_todd_exp_packedlocal_diff_1111_p10.out
gf2^8_mult,todd_exp_packedlocal_diff_1111_p15,448,220,55539,58.1531,5858.94,0.625,1715.94,47815.7,97.08,percent(15),24083,0,23380,0,23380,97.08,703,3415.34,84826,3678,0,3678,0,23380,97.08,703,0,/home/ryo-mtmt/TOpt/forme/sketch_experiments/multi_20260528_070953/gf2_8_mult_todd_exp_packedlocal_diff_1111_p15.out
gf2^8_mult,todd_exp_packedlocal_diff_1111_p20,448,220,68307,70.9118,5866,0.728,583.457,61692.3,98.69,percent(20),24226,0,23909,0,23909,98.69,317,4537.75,74254,1754,0,1754,0,23909,98.69,317,0,/home/ryo-mtmt/TOpt/forme/sketch_experiments/multi_20260528_070953/gf2_8_mult_todd_exp_packedlocal_diff_1111_p20.out
grover_5,todd_exp_packedlocal_diff_1110,336,144,372334,603.789,16147.2,0.689,356100,,,,,,,,,,,,,,,,,,,,0,/home/ryo-mtmt/TOpt/forme/sketch_experiments/multi_20260528_070953/grover_5_todd_exp_packedlocal_diff_1110.out
grover_5,todd_exp_packedlocal_diff_1111_p5,336,144,295006,526.392,16047.6,0.69,245976,32890.1,28.98,percent(5),13959,0,4045,0,4045,28.98,9914,4855.35,212995,21428,0,21428,0,4045,28.98,9914,0,/home/ryo-mtmt/TOpt/forme/sketch_experiments/multi_20260528_070953/grover_5_todd_exp_packedlocal_diff_1111_p5.out
grover_5,todd_exp_packedlocal_diff_1111_p10,336,144,126360,358.04,16019.3,0.705,59347.4,50903.6,77.90,percent(10),14298,0,11138,0,11138,77.90,3160,9565.35,107507,6482,2,6480,2,11140,77.91,3158,0,/home/ryo-mtmt/TOpt/forme/sketch_experiments/multi_20260528_070953/grover_5_todd_exp_packedlocal_diff_1111_p10.out
grover_5,todd_exp_packedlocal_diff_1111_p15,336,144,99845,332.632,15988.6,0.693,12352.6,71417.7,93.74,percent(15),14574,0,13661,0,13661,93.74,913,14169.1,75316,1863,5,1858,5,13666,93.77,908,0,/home/ryo-mtmt/TOpt/forme/sketch_experiments/multi_20260528_070953/grover_5_todd_exp_packedlocal_diff_1111_p15.out
grover_5,todd_exp_packedlocal_diff_1111_p20,336,144,111312,343.047,15889.7,0.699,4514.47,90822,96.96,percent(20),14686,0,14240,0,14240,96.96,446,18795.9,61917,911,6,905,6,14246,97.00,440,0,/home/ryo-mtmt/TOpt/forme/sketch_experiments/multi_20260528_070953/grover_5_todd_exp_packedlocal_diff_1111_p20.out
hwb6,todd_exp_packedlocal_diff_1110,105,52,2212,2.84066,312.928,0.492,1850.17,,,,,,,,,,,,,,,,,,,,0,/home/ryo-mtmt/TOpt/forme/sketch_experiments/multi_20260528_070953/hwb6_todd_exp_packedlocal_diff_1110.out
hwb6,todd_exp_packedlocal_diff_1111_p5,105,52,1203,1.85579,319.866,0.658,384.679,437.892,71.11,percent(5),2264,0,1610,0,1610,71.11,654,631.634,22922,1482,1,1481,1,1611,71.16,653,0,/home/ryo-mtmt/TOpt/forme/sketch_experiments/multi_20260528_070953/hwb6_todd_exp_packedlocal_diff_1111_p5.out
hwb6,todd_exp_packedlocal_diff_1111_p10,105,51,1236,1.92538,304.95,0.774,129.093,733.624,88.72,percent(10),2261,0,2006,0,2006,88.72,255,1220.65,14663,531,7,524,7,2013,89.03,248,0,/home/ryo-mtmt/TOpt/forme/sketch_experiments/multi_20260528_070953/hwb6_todd_exp_packedlocal_diff_1111_p10.out
hwb6,todd_exp_packedlocal_diff_1111_p15,105,52,1480,2.11886,322.573,0.489,74.632,1041.26,92.77,percent(15),2546,0,2362,0,2362,92.77,184,1766.13,14338,370,9,361,9,2371,93.13,175,0,/home/ryo-mtmt/TOpt/forme/sketch_experiments/multi_20260528_070953/hwb6_todd_exp_packedlocal_diff_1111_p15.out
hwb6,todd_exp_packedlocal_diff_1111_p20,105,52,1873,2.52456,339.942,0.759,47.117,1417.32,95.98,percent(20),2637,0,2531,0,2531,95.98,106,2299.57,13438,213,11,202,11,2542,96.40,95,0,/home/ryo-mtmt/TOpt/forme/sketch_experiments/multi_20260528_070953/hwb6_todd_exp_packedlocal_diff_1111_p20.out
mod5_4,todd_exp_packedlocal_diff_1110,28,16,6,0.009051,1.595,0.009,4.697,,,,,,,,,,,,,,,,,,,,0,/home/ryo-mtmt/TOpt/forme/sketch_experiments/multi_20260528_070953/mod5_4_todd_exp_packedlocal_diff_1110.out
mod5_4,todd_exp_packedlocal_diff_1111_p5,28,16,7,0.01039,1.593,0.009,4.136,1.885,10.75,percent(5),93,0,10,0,10,10.75,83,33.828,747,190,0,190,0,10,10.75,83,0,/home/ryo-mtmt/TOpt/forme/sketch_experiments/multi_20260528_070953/mod5_4_todd_exp_packedlocal_diff_1111_p5.out
mod5_4,todd_exp_packedlocal_diff_1111_p10,28,16,7,0.009988,1.599,0.009,2.903,2.718,49.06,percent(10),106,0,52,0,52,49.06,54,65.6604,529,112,0,112,0,52,49.06,54,0,/home/ryo-mtmt/TOpt/forme/sketch_experiments/multi_20260528_070953/mod5_4_todd_exp_packedlocal_diff_1111_p10.out
mod5_4,todd_exp_packedlocal_diff_1111_p15,28,16,7,0.009747,1.59,0.009,1.694,3.742,70.80,percent(15),113,0,80,0,80,70.80,33,98.3805,445,66,0,66,0,80,70.80,33,0,/home/ryo-mtmt/TOpt/forme/sketch_experiments/multi_20260528_070953/mod5_4_todd_exp_packedlocal_diff_1111_p15.out
mod5_4,todd_exp_packedlocal_diff_1111_p20,28,16,6,0.008443,1.376,0.008,0.795,3.883,84.35,percent(20),115,0,97,0,97,84.35,18,129.896,385,36,0,36,0,97,84.35,18,0,/home/ryo-mtmt/TOpt/forme/sketch_experiments/multi_20260528_070953/mod5_4_todd_exp_packedlocal_diff_1111_p20.out
mod_mult_55,todd_exp_packedlocal_diff_1110,49,17,39,0.087572,8.858,0.094,29.505,,,,,,,,,,,,,,,,,,,,0,/home/ryo-mtmt/TOpt/forme/sketch_experiments/multi_20260528_070953/mod_mult_55_todd_exp_packedlocal_diff_1110.out
mod_mult_55,todd_exp_packedlocal_diff_1111_p5,49,17,22,0.052493,5.642,0.025,10.849,5.467,43.07,percent(5),137,0,59,0,59,43.07,78,174.825,851,133,0,133,0,59,43.07,78,0,/home/ryo-mtmt/TOpt/forme/sketch_experiments/multi_20260528_070953/mod_mult_55_todd_exp_packedlocal_diff_1111_p5.out
mod_mult_55,todd_exp_packedlocal_diff_1111_p10,49,17,24,0.055502,7.141,0.037,5.455,10.937,73.75,percent(10),160,0,118,0,118,73.75,42,332.581,779,91,0,91,0,118,73.75,42,0,/home/ryo-mtmt/TOpt/forme/sketch_experiments/multi_20260528_070953/mod_mult_55_todd_exp_packedlocal_diff_1111_p10.out
mod_mult_55,todd_exp_packedlocal_diff_1111_p15,49,17,27,0.058515,7.569,0.038,2.847,15.551,86.19,percent(15),181,0,156,0,156,86.19,25,465.133,842,52,0,52,0,156,86.19,25,0,/home/ryo-mtmt/TOpt/forme/sketch_experiments/multi_20260528_070953/mod_mult_55_todd_exp_packedlocal_diff_1111_p15.out
mod_mult_55,todd_exp_packedlocal_diff_1111_p20,49,17,40,0.090426,10.25,0.044,1.711,27.317,92.86,percent(20),196,0,182,0,182,92.86,14,590.587,889,29,0,29,0,182,92.86,14,0,/home/ryo-mtmt/TOpt/forme/sketch_experiments/multi_20260528_070953/mod_mult_55_todd_exp_packedlocal_diff_1111_p20.out
mod_red_21,todd_exp_packedlocal_diff_1110,119,52,2259,2.60668,308.398,0.191,1938.47,,,,,,,,,,,,,,,,,,,,0,/home/ryo-mtmt/TOpt/forme/sketch_experiments/multi_20260528_070953/mod_red_21_todd_exp_packedlocal_diff_1110.out
mod_red_21,todd_exp_packedlocal_diff_1111_p5,119,52,1802,2.15165,282.905,0.184,1083.52,423.097,39.62,percent(5),2890,0,1145,0,1145,39.62,1745,453.976,30507,3922,0,3922,0,1145,39.62,1745,0,/home/ryo-mtmt/TOpt/forme/sketch_experiments/multi_20260528_070953/mod_red_21_todd_exp_packedlocal_diff_1111_p5.out
mod_red_21,todd_exp_packedlocal_diff_1111_p10,119,52,1275,1.62162,263.948,0.137,356.771,644.961,74.70,percent(10),3044,0,2274,0,2274,74.70,770,886.477,18745,1601,3,1598,3,2277,74.80,767,0,/home/ryo-mtmt/TOpt/forme/sketch_experiments/multi_20260528_070953/mod_red_21_todd_exp_packedlocal_diff_1111_p10.out
mod_red_21,todd_exp_packedlocal_diff_1111_p15,119,52,1345,1.74507,268.52,0.131,135.088,932.104,88.79,percent(15),3150,0,2797,0,2797,88.79,353,1307.29,14646,731,4,727,4,2801,88.92,349,0,/home/ryo-mtmt/TOpt/forme/sketch_experiments/multi_20260528_070953/mod_red_21_todd_exp_packedlocal_diff_1111_p15.out
mod_red_21,todd_exp_packedlocal_diff_1111_p20,119,52,1703,2.05263,306.291,0.184,98.002,1286.82,93.10,percent(20),3203,0,2982,0,2982,93.10,221,1725.13,12847,448,4,444,4,2986,93.23,217,0,/home/ryo-mtmt/TOpt/forme/sketch_experiments/multi_20260528_070953/mod_red_21_todd_exp_packedlocal_diff_1111_p20.out
qcla_com_7,todd_exp_packedlocal_diff_1110,203,62,9244,13.412,995.912,0.264,8229.88,,,,,,,,,,,,,,,,,,,,0,/home/ryo-mtmt/TOpt/forme/sketch_experiments/multi_20260528_070953/qcla_com_7_todd_exp_packedlocal_diff_1110.out
qcla_com_7,todd_exp_packedlocal_diff_1111_p5,203,62,4286,8.47167,1021.84,0.375,1495.48,1744.57,75.89,percent(5),3903,0,2962,0,2962,75.89,941,1319.39,30123,2042,2,2040,2,2964,75.94,939,0,/home/ryo-mtmt/TOpt/forme/sketch_experiments/multi_20260528_070953/qcla_com_7_todd_exp_packedlocal_diff_1111_p5.out
qcla_com_7,todd_exp_packedlocal_diff_1111_p10,203,61,4023,8.10922,959.474,0.362,490.076,2550.72,89.49,percent(10),3901,0,3491,0,3491,89.49,410,2513.6,18871,710,7,703,7,3498,89.67,403,0,/home/ryo-mtmt/TOpt/forme/sketch_experiments/multi_20260528_070953/qcla_com_7_todd_exp_packedlocal_diff_1111_p10.out
qcla_com_7,todd_exp_packedlocal_diff_1111_p15,203,62,5044,9.24319,1007.31,0.351,143.93,3870.56,96.26,percent(15),4307,0,4146,0,4146,96.26,161,3724.66,19511,320,8,312,8,4154,96.45,153,0,/home/ryo-mtmt/TOpt/forme/sketch_experiments/multi_20260528_070953/qcla_com_7_todd_exp_packedlocal_diff_1111_p15.out
qcla_com_7,todd_exp_packedlocal_diff_1111_p20,203,62,6727,10.9213,1140.44,0.442,101.035,5458.05,97.78,percent(20),4360,0,4263,0,4263,97.78,97,4925.73,18469,189,9,180,9,4272,97.98,88,0,/home/ryo-mtmt/TOpt/forme/sketch_experiments/multi_20260528_070953/qcla_com_7_todd_exp_packedlocal_diff_1111_p20.out
qft_4,todd_exp_packedlocal_diff_1110,14,12,2,0.00515,0.824,0.011,1.66,,,,,,,,,,,,,,,,,,,,0,/home/ryo-mtmt/TOpt/forme/sketch_experiments/multi_20260528_070953/qft_4_todd_exp_packedlocal_diff_1110.out
qft_4,todd_exp_packedlocal_diff_1111_p5,14,12,3,0.005912,0.83,0.011,1.421,0.998,36.54,percent(5),52,0,19,0,19,36.54,33,31.8077,347,74,0,74,0,19,36.54,33,0,/home/ryo-mtmt/TOpt/forme/sketch_experiments/multi_20260528_070953/qft_4_todd_exp_packedlocal_diff_1111_p5.out
qft_4,todd_exp_packedlocal_diff_1111_p10,14,12,3,0.006078,0.839,0.011,0.957,1.596,68.12,percent(10),69,0,47,0,47,68.12,22,62.5652,361,44,0,44,0,47,68.12,22,0,/home/ryo-mtmt/TOpt/forme/sketch_experiments/multi_20260528_070953/qft_4_todd_exp_packedlocal_diff_1111_p10.out
qft_4,todd_exp_packedlocal_diff_1111_p15,14,12,3,0.006179,0.833,0.011,0.402,2.231,85.90,percent(15),78,0,67,0,67,85.90,11,92.141,365,24,0,24,0,67,85.90,11,0,/home/ryo-mtmt/TOpt/forme/sketch_experiments/multi_20260528_070953/qft_4_todd_exp_packedlocal_diff_1111_p15.out
qft_4,todd_exp_packedlocal_diff_1111_p20,14,12,4,0.006623,0.826,0.011,0.295,2.816,88.75,percent(20),80,0,71,0,71,88.75,9,122.013,351,17,1,16,1,72,90.00,8,0,/home/ryo-mtmt/TOpt/forme/sketch_experiments/multi_20260528_070953/qft_4_todd_exp_packedlocal_diff_1111_p20.out
rc_adder_6,todd_exp_packedlocal_diff_1110,77,38,1838,3.32153,312.001,0.16,1519.6,,,,,,,,,,,,,,,,,,,,0,/home/ryo-mtmt/TOpt/forme/sketch_experiments/multi_20260528_070953/rc_adder_6_todd_exp_packedlocal_diff_1110.out
rc_adder_6,todd_exp_packedlocal_diff_1111_p5,77,38,610,1.89669,186.288,0.091,185.851,232.856,71.15,percent(5),1033,0,735,0,735,71.15,298,838.601,7280,615,2,613,2,737,71.35,296,0,/home/ryo-mtmt/TOpt/forme/sketch_experiments/multi_20260528_070953/rc_adder_6_todd_exp_packedlocal_diff_1111_p5.out
rc_adder_6,todd_exp_packedlocal_diff_1111_p10,77,38,702,1.94147,214.249,0.136,74.688,407.319,89.73,percent(10),1159,0,1040,0,1040,89.73,119,1536.3,6081,241,4,237,4,1044,90.08,115,0,/home/ryo-mtmt/TOpt/forme/sketch_experiments/multi_20260528_070953/rc_adder_6_todd_exp_packedlocal_diff_1111_p10.out
rc_adder_6,todd_exp_packedlocal_diff_1111_p15,77,38,892,2.12943,233.333,0.146,33.535,618.596,95.67,percent(15),1224,0,1171,0,1171,95.67,53,2232.64,5661,103,4,99,4,1175,96.00,49,0,/home/ryo-mtmt/TOpt/forme/sketch_experiments/multi_20260528_070953/rc_adder_6_todd_exp_packedlocal_diff_1111_p15.out
rc_adder_6,todd_exp_packedlocal_diff_1111_p20,77,38,1056,2.30244,224.249,0.151,20.079,805.513,97.35,percent(20),1245,0,1212,0,1212,97.35,33,3017.53,5395,62,4,58,4,1216,97.67,29,0,/home/ryo-mtmt/TOpt/forme/sketch_experiments/multi_20260528_070953/rc_adder_6_todd_exp_packedlocal_diff_1111_p20.out
tof_3,todd_exp_packedlocal_diff_1110,21,13,2,0.002894,0.491,0.006,1.387,,,,,,,,,,,,,,,,,,,,0,/home/ryo-mtmt/TOpt/forme/sketch_experiments/multi_20260528_070953/tof_3_todd_exp_packedlocal_diff_1110.out
tof_3,todd_exp_packedlocal_diff_1111_p5,21,13,2,0.003463,0.479,0.006,1.178,0.725,22.22,percent(5),72,0,16,0,16,22.22,56,15,434,114,0,114,0,16,22.22,56,0,/home/ryo-mtmt/TOpt/forme/sketch_experiments/multi_20260528_070953/tof_3_todd_exp_packedlocal_diff_1111_p5.out
tof_3,todd_exp_packedlocal_diff_1111_p10,21,13,2,0.003178,0.479,0.006,0.747,0.862,51.32,percent(10),76,0,39,0,39,51.32,37,25.7237,351,70,0,70,0,39,51.32,37,0,/home/ryo-mtmt/TOpt/forme/sketch_experiments/multi_20260528_070953/tof_3_todd_exp_packedlocal_diff_1111_p10.out
tof_3,todd_exp_packedlocal_diff_1111_p15,21,13,2,0.003084,0.483,0.007,0.468,1.09,67.95,percent(15),78,0,53,0,53,67.95,25,38.1026,288,48,0,48,0,53,67.95,25,0,/home/ryo-mtmt/TOpt/forme/sketch_experiments/multi_20260528_070953/tof_3_todd_exp_packedlocal_diff_1111_p15.out
tof_3,todd_exp_packedlocal_diff_1111_p20,21,13,2,0.003909,0.564,0.007,0.414,1.684,77.91,percent(20),86,0,67,0,67,77.91,19,49.3488,295,34,0,34,0,67,77.91,19,0,/home/ryo-mtmt/TOpt/forme/sketch_experiments/multi_20260528_070953/tof_3_todd_exp_packedlocal_diff_1111_p20.out
tof_4,todd_exp_packedlocal_diff_1110,35,19,11,0.013707,3.185,0.013,7.673,,,,,,,,,,,,,,,,,,,,0,/home/ryo-mtmt/TOpt/forme/sketch_experiments/multi_20260528_070953/tof_4_todd_exp_packedlocal_diff_1110.out
tof_4,todd_exp_packedlocal_diff_1111_p5,35,19,18,0.02266,4.748,0.017,9.335,4.276,28.42,percent(5),183,0,52,0,52,28.42,131,44.9235,1327,239,0,239,0,52,28.42,131,0,/home/ryo-mtmt/TOpt/forme/sketch_experiments/multi_20260528_070953/tof_4_todd_exp_packedlocal_diff_1111_p5.out
tof_4,todd_exp_packedlocal_diff_1111_p10,35,19,13,0.016136,3.662,0.014,3.951,5.079,59.16,percent(10),191,0,113,0,113,59.16,78,85.7382,937,132,0,132,0,113,59.16,78,0,/home/ryo-mtmt/TOpt/forme/sketch_experiments/multi_20260528_070953/tof_4_todd_exp_packedlocal_diff_1111_p10.out
tof_4,todd_exp_packedlocal_diff_1111_p15,35,19,13,0.016204,3.594,0.015,2.163,6.971,77.56,percent(15),205,0,159,0,159,77.56,46,124.556,826,82,0,82,0,159,77.56,46,0,/home/ryo-mtmt/TOpt/forme/sketch_experiments/multi_20260528_070953/tof_4_todd_exp_packedlocal_diff_1111_p15.out
tof_4,todd_exp_packedlocal_diff_1111_p20,35,19,14,0.017087,3.59,0.016,1.26,8.88,87.21,percent(20),219,0,191,0,191,87.21,28,161.932,749,49,0,49,0,191,87.21,28,0,/home/ryo-mtmt/TOpt/forme/sketch_experiments/multi_20260528_070953/tof_4_todd_exp_packedlocal_diff_1111_p20.out
tof_5,todd_exp_packedlocal_diff_1110,49,25,71,0.086096,13.806,0.03,56.332,,,,,,,,,,,,,,,,,,,,0,/home/ryo-mtmt/TOpt/forme/sketch_experiments/multi_20260528_070953/tof_5_todd_exp_packedlocal_diff_1110.out
tof_5,todd_exp_packedlocal_diff_1111_p5,49,25,46,0.055796,9.818,0.025,24.447,10.973,38.25,percent(5),332,0,127,0,127,38.25,205,103.006,2401,377,0,377,0,127,38.25,205,0,/home/ryo-mtmt/TOpt/forme/sketch_experiments/multi_20260528_070953/tof_5_todd_exp_packedlocal_diff_1111_p5.out
tof_5,todd_exp_packedlocal_diff_1111_p10,49,25,39,0.049153,10.417,0.025,11.095,17.157,70.79,percent(10),356,0,252,0,252,70.79,104,198.52,1717,179,0,179,0,252,70.79,104,0,/home/ryo-mtmt/TOpt/forme/sketch_experiments/multi_20260528_070953/tof_5_todd_exp_packedlocal_diff_1111_p10.out
tof_5,todd_exp_packedlocal_diff_1111_p15,49,25,57,0.07247,15.343,0.03,7.977,33.048,81.67,percent(15),371,0,303,0,303,81.67,68,290.981,1447,118,0,118,0,303,81.67,68,0,/home/ryo-mtmt/TOpt/forme/sketch_experiments/multi_20260528_070953/tof_5_todd_exp_packedlocal_diff_1111_p15.out
tof_5,todd_exp_packedlocal_diff_1111_p20,49,25,62,0.077789,15.899,0.03,3.893,41.836,89.69,percent(20),388,0,348,0,348,89.69,40,377.534,1334,67,2,65,2,350,90.21,38,0,/home/ryo-mtmt/TOpt/forme/sketch_experiments/multi_20260528_070953/tof_5_todd_exp_packedlocal_diff_1111_p20.out
tof_10,todd_exp_packedlocal_diff_1110,119,55,2420,3.67321,292.524,0.153,2119.07,,,,,,,,,,,,,,,,,,,,0,/home/ryo-mtmt/TOpt/forme/sketch_experiments/multi_20260528_070953/tof_10_todd_exp_packedlocal_diff_1110.out
tof_10,todd_exp_packedlocal_diff_1111_p5,119,55,1639,2.8998,306.318,0.218,810.095,511.185,53.03,percent(5),1867,0,990,0,990,53.03,877,901.107,19819,1548,0,1548,0,990,53.03,877,0,/home/ryo-mtmt/TOpt/forme/sketch_experiments/multi_20260528_070953/tof_10_todd_exp_packedlocal_diff_1111_p5.out
tof_10,todd_exp_packedlocal_diff_1111_p10,119,55,1333,2.58894,291.755,0.143,227.263,805.592,80.89,percent(10),1994,0,1613,0,1613,80.89,381,1720.54,14180,696,1,695,1,1614,80.94,380,0,/home/ryo-mtmt/TOpt/forme/sketch_experiments/multi_20260528_070953/tof_10_todd_exp_packedlocal_diff_1111_p10.out
tof_10,todd_exp_packedlocal_diff_1111_p15,119,55,1517,2.77393,295.869,0.144,98.031,1114.51,90.02,percent(15),2085,0,1877,0,1877,90.02,208,2499.91,11751,380,1,379,1,1878,90.07,207,0,/home/ryo-mtmt/TOpt/forme/sketch_experiments/multi_20260528_070953/tof_10_todd_exp_packedlocal_diff_1111_p15.out
tof_10,todd_exp_packedlocal_diff_1111_p20,119,55,2015,3.27139,345.028,0.249,82.098,1575.09,94.21,percent(20),2158,0,2033,0,2033,94.21,125,3253.69,10277,241,2,239,2,2035,94.30,123,0,/home/ryo-mtmt/TOpt/forme/sketch_experiments/multi_20260528_070953/tof_10_todd_exp_packedlocal_diff_1111_p20.out
vbe_adder_3,todd_exp_packedlocal_diff_1110,70,19,33,0.045634,6.672,0.024,26.047,,,,,,,,,,,,,,,,,,,,0,/home/ryo-mtmt/TOpt/forme/sketch_experiments/multi_20260528_070953/vbe_adder_3_todd_exp_packedlocal_diff_1110.out
vbe_adder_3,todd_exp_packedlocal_diff_1111_p5,70,19,16,0.025913,5.571,0.021,4.036,6.544,80.30,percent(5),198,0,159,0,159,80.30,39,90.6768,692,68,0,68,0,159,80.30,39,0,/home/ryo-mtmt/TOpt/forme/sketch_experiments/multi_20260528_070953/vbe_adder_3_todd_exp_packedlocal_diff_1111_p5.out
vbe_adder_3,todd_exp_packedlocal_diff_1111_p10,70,19,17,0.026461,5.79,0.02,0.718,10.29,95.85,percent(10),217,0,208,0,208,95.85,9,174.507,578,18,0,18,0,208,95.85,9,0,/home/ryo-mtmt/TOpt/forme/sketch_experiments/multi_20260528_070953/vbe_adder_3_todd_exp_packedlocal_diff_1111_p10.out
vbe_adder_3,todd_exp_packedlocal_diff_1111_p15,70,19,25,0.038372,7.546,0.023,0.449,17.348,97.74,percent(15),221,0,216,0,216,97.74,5,258.231,555,10,0,10,0,216,97.74,5,0,/home/ryo-mtmt/TOpt/forme/sketch_experiments/multi_20260528_070953/vbe_adder_3_todd_exp_packedlocal_diff_1111_p15.out
vbe_adder_3,todd_exp_packedlocal_diff_1111_p20,70,19,23,0.032342,6,0.021,0.222,16.734,98.67,percent(20),225,0,222,0,222,98.67,3,341.68,546,5,0,5,0,222,98.67,3,0,/home/ryo-mtmt/TOpt/forme/sketch_experiments/multi_20260528_070953/vbe_adder_3_todd_exp_packedlocal_diff_1111_p20.out
